308.4,0.00038524342
308.8889,0.0002636666
309.37778,0.00022141263
309.86667,0.00022123069
310.35556,0.00031838298
310.84445,0.0003701884
311.33334,0.00041767294
311.8222,0.0002724449
312.3111,0.00025725344
312.8,0.00019148462
313.28888,0.00016933425
313.77777,0.0001942591
314.26666,0.00021459012
314.75555,0.00019384974
315.24445,0.00045574247
315.73334,0.0001948049
316.22223,0.00013094637
316.71112,0.00013858755
317.2,0.0002576628
317.6889,0.00031851945
318.1778,0.00027167166
318.66666,0.00026989778
319.15555,0.0005008619
319.64444,0.00025720798
320.13333,0.0002672598
320.62222,0.00035372344
321.1111,0.00035586118
321.6,0.00026571334
322.0889,0.00023573986
322.57776,0.0002842705
323.06665,0.00059351133
323.55554,0.00030028063
324.04443,0.0003468555
324.53333,0.0004101227
325.02222,0.00043795854
325.5111,0.0004499661
326,0.0004671133
326.4889,0.0003990703
326.97778,0.00036691362
327.46667,0.0003009174
327.95557,0.00029641457
328.44446,0.00022168552
328.93335,0.00020804054
329.4222,0.00025538864
329.9111,0.0002525232
330.4,0.00017470129
330.8889,0.00038765403
331.37778,0.00021477207
331.86667,0.00017893122
332.35556,0.0001871637
332.84445,0.00027053457
333.33334,0.00032206715
333.8222,0.00028740885
334.3111,0.00028718144
334.8,0.00050631986
335.28888,0.00023883273
335.77777,0.00021595466
336.26666,0.00026380303
336.75555,0.00031624528
337.24445,0.00024097042
337.73334,0.00021995716
338.22223,0.0002481113
338.71112,0.00046875072
339.2,0.00019566908
339.6889,0.0002130437
340.1778,0.00019485038
340.66666,0.0001488213
341.15555,0.00015696282
341.64444,0.0002241871
342.13333,0.00027130777
342.62222,0.00036614042
343.1111,0.00033321054
343.6,0.0003330286
344.0889,0.00025311447
344.57776,0.00025584348
345.06665,0.00036554915
345.55554,0.00038497048
346.04443,0.0003011448
346.53333,0.0007662569
347.02222,0.0005120963
347.5111,0.00045938115
348,0.00049203815
348.4889,0.00063872174
348.97778,0.00068088475
349.46667,0.0006999422
349.95557,0.0008456707
350.44446,0.0013512174
350.93335,0.0029534113
351.4222,0.0072832834
351.9111,0.005397547
352.4,0.0011012867
352.8889,0.0003315731
353.37778,0.00049258396
353.86667,0.0005598082
354.35556,0.0006057918
354.84445,0.00033784984
355.33334,0.00053943176
355.8222,0.0005100495
356.3111,0.00040002548
356.8,0.0003986155
357.28888,0.0004579257
357.77777,0.00048262315
358.26666,0.00053824915
358.75555,0.0004674317
359.24445,0.00046529397
359.73334,0.0003915656
360.22223,0.00041685428
360.71112,0.00053201796
361.2,0.00055362255
361.6889,0.00045051193
362.1778,0.0006958943
362.66666,0.0005178727
363.15555,0.0004965865
363.64444,0.00045992693
364.13333,0.0004859889
364.62222,0.00047029715
365.1111,0.00040548344
365.6,0.00041203306
366.0889,0.0006767912
366.57776,0.00040903114
367.06665,0.0003895188
367.55554,0.00043773107
368.04443,0.00045260414
368.53333,0.0003559522
369.02222,0.0003298903
369.5111,0.0003789212
370,0.00062725996
370.4889,0.00031674557
370.97778,0.0003580899
371.46667,0.0003816502
371.95557,0.00035754408
372.44446,0.00037846641
372.93335,0.00041685428
373.4222,0.00034567295
373.9111,0.00029968936
374.4,0.0003069212
374.8889,0.0003344386
375.37778,0.0002764019
375.86667,0.00023251052
376.35556,0.0002467923
376.84445,0.00028035895
377.33334,0.0002518864
377.82224,0.00046342914
378.3111,0.00027308165
378.8,0.00022800769
379.28888,0.00023483018
379.77777,0.00035363252
380.26666,0.0003861531
380.75555,0.00031265212
381.24445,0.0003113786
381.73334,0.00053151767
382.22223,0.0002805864
382.71112,0.0002930943
383.2,0.00040989535
383.6889,0.00043250053
384.17776,0.00033152767
384.66666,0.00030291863
385.15555,0.0003556793
385.64444,0.000579548
386.13333,0.00032825282
386.62222,0.00041835522
387.1111,0.00047111584
387.6,0.0004643388
388.0889,0.00049244746
388.5778,0.00057031494
389.06665,0.0006277148
389.55554,0.0008968848
390.04443,0.0009832121
390.53333,0.0010767257
391.02222,0.0010879146
391.5111,0.001224501
392,0.0013666818
392.4889,0.0014542369
392.97778,0.0013898782
393.46667,0.0017218151
393.95557,0.001406616
394.44446,0.0012914524
394.93335,0.0012243645
395.4222,0.0012260473
395.9111,0.0011956645
396.4,0.0011501358
396.8889,0.0011224365
397.37778,0.0012329154
397.86667,0.00093518174
398.35556,0.0009178981
398.84445,0.00092644896
399.33334,0.00089383754
399.82224,0.0007807661
400.3111,0.0007415595
400.8,0.0007406043
401.28888,0.0009962203
401.77777,0.00059983355
402.26666,0.000590282
402.75555,0.00056885945
403.24445,0.000523922
403.73334,0.00052492257
404.22223,0.00057268003
404.71112,0.00056244625
405.2,0.0006022896
405.6889,0.0005666762
406.17776,0.000571361
406.66666,0.00050591055
407.15555,0.0005009529
407.64444,0.0005950578
408.13333,0.0006419055
408.62222,0.0005436617
409.1111,0.0007935013
409.6,0.00054493523
410.0889,0.0004907191
410.5778,0.00046784105
411.06668,0.0005257413
411.55554,0.0005443894
412.04443,0.0004778929
412.53333,0.00044641845
413.02222,0.00065145706
413.5111,0.0005243313
414,0.00051782717
414.4889,0.0005568064
414.97778,0.0005270148
415.46667,0.00041439818
415.95557,0.0003956591
416.44446,0.00042112972
416.93332,0.000663965
417.4222,0.00042372223
417.9111,0.000553668
418.4,0.0005845511
418.8889,0.00052687834
419.37778,0.00049613166
419.86667,0.000550848
420.35556,0.0005674949
420.84445,0.0006528671
421.33334,0.00057900226
421.82224,0.000624531
422.3111,0.0005844147
422.8,0.0005646295
423.28888,0.0005907824
423.77777,0.0005504842
424.26666,0.00043641205
424.75555,0.0007527483
425.24445,0.0005614911
425.73334,0.00051791815
426.22223,0.00050691114
426.71112,0.0005566699
427.2,0.0006059737
427.6889,0.0005720887
428.17776,0.0005841873
428.66666,0.00088287605
429.15555,0.0006847508
429.64444,0.00070453604
430.13333,0.00088014704
430.62222,0.0010101382
431.1111,0.00096156215
431.6,0.0009930365
432.0889,0.0011006953
432.5778,0.0015614411
433.06668,0.0012672098
433.55554,0.0014636065
434.04443,0.0017665252
434.53333,0.0019530067
435.02222,0.0020132267
435.5111,0.0027370017
436,0.003762468
436.4889,0.0063846246
436.97778,0.009164336
437.46667,0.009286867
437.95557,0.008317483
438.44446,0.007878705
438.93332,0.00784623
439.4222,0.007696818
439.9111,0.007349098
440.4,0.011954236
440.8889,0.01626532
441.37778,0.009762851
441.86667,0.00569478
442.35556,0.0051779984
442.84445,0.0044774655
443.33334,0.0038517974
443.82224,0.003283302
444.3111,0.003090771
444.8,0.0023037738
445.28888,0.0020262348
445.77777,0.0018506693
446.26666,0.0016908409
446.75555,0.0013682736
447.24445,0.0012689836
447.73334,0.0012586588
448.22223,0.0013821915
448.71112,0.00088560506
449.2,0.00094482425
449.6889,0.00090470794
450.17776,0.0008091931
450.66666,0.00076934975
451.15555,0.0008051451
451.64444,0.00081387785
452.13333,0.0008260219
452.62222,0.00071640714
453.1111,0.00070326246
453.6,0.00062584993
454.0889,0.00061993714
454.5778,0.0006902998
455.06668,0.00070599146
455.55554,0.0006074747
456.04443,0.0009716139
456.53333,0.00077289745
457.02222,0.0006958488
457.5111,0.0006389492
458,0.00068802555
458.4889,0.0006875253
458.97778,0.00061457005
459.46667,0.00058864465
459.95557,0.000854085
460.44446,0.0006646472
460.93332,0.00066014443
461.4222,0.00076211785
461.9111,0.00078986265
462.4,0.00074142293
462.8889,0.0008143327
463.37778,0.00096310856
463.86667,0.001267528
464.35556,0.0009226284
464.84445,0.0011361269
465.33334,0.001542338
465.82224,0.0016447209
466.3111,0.0014716117
466.8,0.0016219338
467.28888,0.0018485315
467.77777,0.0020042665
468.26666,0.0019619216
468.75555,0.0020476575
469.24445,0.0020235511
469.73334,0.0020062223
470.22223,0.002083862
470.71112,0.0021975704
471.2,0.0022229042
471.6889,0.0026275236
472.17776,0.002316691
472.66666,0.0022340931
473.15555,0.0022726634
473.64444,0.0027204913
474.13333,0.0028703592
474.62222,0.0024346747
475.1111,0.002018821
475.6,0.0021863359
476.0889,0.0019453656
476.5778,0.001940044
477.06665,0.0020199125
477.55554,0.0021586365
478.04443,0.0022593364
478.53333,0.0024581894
479.02222,0.002493439
479.5111,0.0025333732
480,0.001782399
480.4889,0.0019031569
480.97778,0.0018782321
481.46667,0.0017869016
481.95557,0.0017782144
482.44446,0.0019037029
482.93335,0.001930447
483.4222,0.0021135628
483.9111,0.0019183485
484.4,0.001836615
484.8889,0.0016691455
485.37778,0.0015781336
485.86667,0.0016071062
486.35556,0.0016004657
486.84445,0.001441911
487.33334,0.001754745
487.82224,0.0016183406
488.3111,0.0016658254
488.8,0.0016540907
489.28888,0.0017964533
489.77777,0.001927536
490.26666,0.0019531886
490.75555,0.0021556804
491.24445,0.0033681735
491.73334,0.0037635143
492.22223,0.008156836
492.71112,0.017384892
493.2,0.022552386
493.6889,0.016694231
494.17776,0.010712814
494.66666,0.008638913
495.15555,0.007878114
495.64444,0.0065521854
496.13333,0.0056758593
496.62222,0.0043247323
497.1111,0.0031551756
497.6,0.0023585355
498.0889,0.002167233
498.5778,0.0021527691
499.06665,0.0021443095
499.55554,0.0019433188
500.04443,0.0019685165
500.53333,0.0018324304
501.02222,0.0017675714
501.5111,0.0018294286
502,0.0019196221
502.4889,0.0018919682
502.97778,0.0022085318
503.46667,0.002036332
503.95557,0.0020245065
504.44446,0.0019421816
504.93335,0.0019814337
505.42224,0.0020556625
505.9111,0.002053843
506.4,0.0020238694
506.8889,0.0022794858
507.37778,0.001940908
507.86667,0.00195378
508.35556,0.0022640668
508.84445,0.0025443805
509.33334,0.002295132
509.8222,0.0017549725
510.3111,0.0013194699
510.8,0.0015125466
511.28888,0.000892291
511.77777,0.0009026612
512.26666,0.0009229468
512.75555,0.0008799651
513.24445,0.0008078741
513.73334,0.0008194268
514.2222,0.0008308886
514.7111,0.0008684124
515.2,0.0007559322
515.6889,0.000775399
516.1778,0.00067847414
516.6667,0.00062307547
517.1556,0.00062430353
517.6445,0.00061880006
518.1333,0.00053938624
518.6222,0.0009132588
519.1111,0.0006858879
519.6,0.00062926114
520.08887,0.00061775395
520.57776,0.00072809635
521.06665,0.0007179991
521.55554,0.0006213016
522.04443,0.000632536
522.5333,0.0010161875
523.0222,0.0007645739
523.5111,0.00073246285
524,0.0008383479
524.4889,0.0008888797
524.9778,0.0007629366
525.4667,0.00069161877
525.95557,0.00071772625
526.44446,0.001229504
526.93335,0.0007800383
527.42224,0.00082201936
527.91113,0.00076957716
528.4,0.0006409504
528.8889,0.0006005158
529.3778,0.0006698778
529.8667,0.0007097666
530.3555,0.00080368965
530.8444,0.0006904817
531.3333,0.00071104016
531.8222,0.00063722074
532.3111,0.00061156816
532.8,0.00069007237
533.2889,0.0007811754
533.7778,0.0007411956
534.26666,0.0010026335
534.75555,0.0007163617
535.24445,0.0006685588
535.73334,0.0006574153
536.2222,0.00080346223
536.7111,0.0008220193
537.2,0.0006886169
537.6889,0.000582186
538.1778,0.00081383233
538.6667,0.00058000284
539.1556,0.000544162
539.6445,0.0005961039
540.1333,0.0006407685
540.6222,0.0005958765
541.1111,0.0005935114
541.6,0.00067783735
542.08887,0.000950737
542.57776,0.00051741785
543.06665,0.00061720813
543.55554,0.00067092385
544.04443,0.0006295341
544.5333,0.00057991187
545.0222,0.00061534334
545.5111,0.00060715637
546,0.00065041095
546.4889,0.0005870527
546.9778,0.00068848045
547.4667,0.00065782474
547.95557,0.0005762277
548.44446,0.0005906459
548.93335,0.00063853984
549.42224,0.0005703149
549.91113,0.0007804931
550.4,0.00058855367
550.8889,0.00058204954
551.3778,0.00057154294
551.8667,0.0006458171
552.3555,0.0006724703
552.8444,0.0005702239
553.3333,0.00055494154
553.8222,0.00090147863
554.3111,0.0006455897
554.8,0.00055921695
555.2889,0.00057818345
555.7778,0.0005690868
556.26666,0.0004696604
556.75555,0.00041389788
557.24445,0.00042458644
557.73334,0.0007573876
558.2222,0.00045724344
558.7111,0.000578047
559.2,0.0005367937
559.6889,0.00042149363
560.1778,0.0003983426
560.6667,0.00052182976
561.1556,0.0005911007
561.6445,0.00066705776
562.1333,0.00046229208
562.6222,0.0004768013
563.1111,0.0003955681
563.6,0.0003559522
564.08887,0.00041312468
564.57776,0.00047830222
565.06665,0.0004100318
565.55554,0.0007409227
566.04443,0.0005752271
566.5333,0.0005419333
567.0222,0.00054507167
567.5111,0.0006499561
568,0.00072677736
568.4889,0.0006889808
568.9778,0.0007411956
569.4667,0.0012357808
569.95557,0.0007635734
570.44446,0.00073464605
570.93335,0.0008786006
571.42224,0.0008979764
571.91113,0.0006758361
572.4,0.0005878714
572.8889,0.0006245764
573.3778,0.001003907
573.8667,0.00056863204
574.3556,0.00053092634
574.8445,0.0005365663
575.3333,0.00052942545
575.8222,0.0004098499
576.3111,0.00037937608
576.8,0.0004050286
577.2889,0.00049672293
577.7778,0.00044250686
578.26666,0.00048530663
578.75555,0.00036013662
579.24445,0.00027822124
579.73334,0.00033903238
580.2222,0.00048075826
580.7111,0.00047157067
581.2,0.0006263048
581.6889,0.0004342289
582.1778,0.00041326112
582.6667,0.00036231984
583.1556,0.00040275443
583.6444,0.00045797115
584.1333,0.00038365147
584.6222,0.000342853
585.1111,0.00062198384
585.6,0.00042485935
586.08887,0.00037651064
586.57776,0.00043663953
587.06665,0.00043486568
587.55554,0.00029768806
588.04443,0.00025111318
588.5333,0.00033480246
589.0222,0.0007606624
589.5111,0.00032643354
590,0.00037446385
590.4889,0.000425678
590.9778,0.00038619855
591.4667,0.00035863568
591.95557,0.00046206467
592.44446,0.0005095492
592.93335,0.0005313357
593.42224,0.000389064
593.91113,0.00044837422
594.4,0.00043404696
594.8889,0.0003874721
595.3778,0.00041808232
595.8667,0.00048644372
596.3556,0.00041071404
596.8445,0.00060374505
597.3333,0.00040261805
597.8222,0.0003772838
598.3111,0.00036045501
598.8,0.00047057003
599.2889,0.0005001342
599.7778,0.00035636153
600.26666,0.00029923453
600.75555,0.0005622189
601.24445,0.0002818144
601.73334,0.0003090134
602.2222,0.00049049174
602.7111,0.00050686573
603.2,0.00037027942
603.6889,0.0003222036
604.1778,0.00040293645
604.6667,0.0008784186
605.1556,0.00044391686
605.6444,0.00045328643
606.1333,0.0004825321
606.6222,0.0004022996
607.1111,0.00038378793
607.6,0.00048084927
608.08887,0.0005362479
608.57776,0.00058677985
609.06665,0.00045847148
609.55554,0.00052414933
610.04443,0.00043409245
610.5333,0.00032656998
611.0222,0.00033075444
611.5111,0.00036282014
612,0.00032133938
612.4889,0.00066501106
612.9778,0.00046829585
613.4667,0.0004342744
613.95557,0.00041881006
614.44446,0.0006931198
614.93335,0.00083548244
615.42224,0.0006463629
615.91113,0.0005071841
616.4,0.0007972764
616.8889,0.00042426807
617.3778,0.00032602414
617.8667,0.00037091618
618.3556,0.00044691874
618.8445,0.00040830346
619.3333,0.00036964263
619.8222,0.0004205839
620.3111,0.0008259764
620.8,0.0003830602
621.2889,0.00047570965
621.7778,0.000510368
622.26666,0.00040775762
622.75555,0.00033416567
623.24445,0.00037928508
623.73334,0.00043964142
624.2222,0.0005350653
624.7111,0.0003651398
625.2,0.00041917394
625.6889,0.00035927244
626.1778,0.00028777274
626.6667,0.00031997488
627.1556,0.0004352295
627.6444,0.00044928386
628.1333,0.0007119498
628.6222,0.0004169453
629.1111,0.00033766788
629.6,0.00030491993
630.08887,0.0004146711
630.57776,0.00048385118
631.06665,0.0003923388
631.55554,0.0003310728
632.04443,0.00053961365
632.5333,0.00026075565
633.0222,0.00022232228
633.5111,0.0003237955
634,0.000385016
634.4889,0.0002845889
634.9778,0.00023683145
635.4667,0.00029864325
635.95557,0.0006915733
636.44446,0.00031401656
636.93335,0.00037855736
637.42224,0.00043623018
637.91113,0.00041580817
638.4,0.00038383342
638.8889,0.00045551508
639.3778,0.00044887452
639.8667,0.000530426
640.3556,0.0004247684
640.8445,0.00046383846
641.3333,0.00040580184
641.8222,0.00033207342
642.3111,0.00036022757
642.8,0.00040634765
643.2889,0.00035417834
643.7778,0.0006664211
644.26666,0.0004668859
644.75555,0.00044141526
645.24445,0.00044873808
645.73334,0.0005040003
646.2222,0.0005112321
646.7111,0.00038665338
647.2,0.00031524463
647.6889,0.00053979555
648.1778,0.00028695402
648.6667,0.00023560341
649.1556,0.00027571965
649.6444,0.00032957186
650.1333,0.00030814923
650.6222,0.00035044868
651.1111,0.00053406466
651.6,0.00096683815
652.08887,0.000578047
652.57776,0.0007027167
653.06665,0.0007400585
653.55554,0.00068065734
654.04443,0.0005541228
654.5333,0.0004757551
655.0222,0.00047661935
655.5111,0.00052938
656,0.0003674594
656.4889,0.00035026672
656.9778,0.00026275692
657.4667,0.00026275692
657.95557,0.00039811517
658.44446,0.00045737988
658.93335,0.0003555883
659.42224,0.00059060036
659.91113,0.0003207481
660.4,0.00021982071
660.8889,0.00019353138
661.3778,0.0002636666
661.8667,0.00031169693
662.3556,0.00027481
662.8445,0.00025861795
663.3333,0.00049058266
663.8222,0.00025566155
664.3111,0.00022859899
664.8,0.0002895466
665.2889,0.00031287948
665.7778,0.00025516123
666.26666,0.00023278344
666.75555,0.0002924575
667.24445,0.0005940572
667.73334,0.00027499194
668.2222,0.00042585997
668.7111,0.00046574883
669.2,0.0003680962
669.6889,0.0003441265
670.1778,0.00043309186
670.6667,0.0004980419
671.1556,0.0005320634
671.6444,0.00034976643
672.1333,0.00039588648
672.6222,0.00034326233
673.1111,0.00030473797
673.6,0.00033211894
674.08887,0.00029855224
674.57776,0.00018789143
675.06665,0.00053033506
675.55554,0.00032643354
676.04443,0.00028117766
676.5333,0.0002567986
677.0222,0.00031629074
677.5111,0.00038105893
678,0.0003531777
678.4889,0.0003738271
678.9778,0.0006725159
679.4667,0.00033248283
679.95557,0.00025397865
680.44446,0.00025707152
680.93335,0.00026448528
681.42224,0.00019062043
681.91113,0.00016937975
682.4,0.00021536334
682.8889,0.00045210388
683.3778,0.00016669622
683.8667,0.00021272532
684.3556,0.00021204306
684.8445,0.00017797608
685.3333,0.00019898934
685.8222,0.0003289806
686.3111,0.0003574531
686.8,0.00039584097
687.2889,0.00036245628
687.7778,0.00036377527
688.26666,0.0002718081
688.75555,0.00021941135
689.24445,0.00023009993
689.73334,0.0002621202
690.2222,0.00023255602
690.7111,0.00049103756
691.2,0.0002486116
691.6889,0.0001928946
692.17773,0.00020717633
692.6666,0.00033734948
693.1555,0.0003600457
693.6444,0.00026425786
694.1333,0.00024042465
694.6222,0.0005011803
695.1111,0.00020199128
695.6,0.00018211507
696.08887,0.0002827241
696.57776,0.00034021493
697.06665,0.0003026003
697.55554,0.00031851942
698.04443,0.0004164904
698.5333,0.0005897362
699.0222,0.00023869627
699.5111,0.00031629074
700,0.00030200902
700.4889,0.00023310182
700.9778,0.00028085924
701.4667,0.00042822512
701.95557,0.0003992977
702.44446,0.00035049417
702.93335,0.00035167675
703.42224,0.0003588176
703.91113,0.00024433617
704.4,0.00020280997
704.8889,0.0002527051
705.3778,0.00032661544
705.8667,0.0002921846
706.3556,0.0005125966
706.8445,0.00029036528
707.3334,0.00024856615
707.82227,0.00020531153
708.31116,0.00022377774
708.8,0.00023305633
709.2889,0.00017556547
709.7778,0.00019580552
710.26666,0.00047607356
710.75555,0.0001860721
711.24445,0.00016624139
711.73334,0.00022714351
712.2222,0.0002557525
712.7111,0.00019039301
713.2,0.00017833995
713.6889,0.00025870893
714.17773,0.0005821406
714.6666,0.00022941765
715.1555,0.00026275692
715.6444,0.0002575718
716.1333,0.00018361601
716.6222,0.00016565011
717.1111,0.00021377143
717.6,0.00023551243
718.08887,0.00027430968
718.57776,0.00017051683
719.06665,0.00017083519
719.55554,0.00014372719
720.04443,0.00015305124
720.5333,0.00022791675
721.0222,0.0002453823
721.5111,0.00017083522
722,0.0004472826
722.4889,0.0001955781
722.9778,0.00012648902
723.4667,0.00012344163
723.95557,0.00021568172
724.44446,0.00028790918
724.93335,0.0002663501
725.42224,0.00023123703
725.91113,0.00034694644
726.4,0.00016151114
726.8889,0.00014436393
727.3778,0.00019848904
727.8667,0.00022414162
728.3556,0.0001721997
728.8445,0.00015546185
729.3334,0.00017747578
729.82227,0.00038096798
730.31116,0.00011875685
730.8,0.00014554651
731.2889,0.00017911317
731.7778,0.0001654682
732.26666,0.00016078341
732.75555,0.00019171204
733.24445,0.00022268615
733.73334,0.00027585612
734.2222,0.00023960594
734.7111,0.0002522048
735.2,0.00020135449
735.6889,0.00017288198
736.17773,0.00017438289
736.6666,0.00017984089
737.1555,0.00013681372
737.6444,0.00036955168
738.1333,0.00019935322
738.6222,0.00018679984
739.1111,0.00014495522
739.6,0.00014072527
740.08887,0.00014650165
740.57776,0.00013008219
741.06665,0.00014682004
741.55554,0.00032247647
742.04443,0.000161875
742.5333,0.00012657997
743.0222,0.00014709293
743.5111,0.00015578025
744,0.00011384467
744.4889,0.000114026574
744.9778,0.00017515612
745.4667,0.00045474188
745.95557,0.00014081625
746.44446,0.00013353892
746.93335,0.00012339615
747.42224,0.00009824389
747.91113,0.00009474167
748.4,0.00012708029
748.8889,0.00012880866
749.3778,0.0001594189
749.8667,0.00014795712
750.3556,0.00016687818
750.8445,0.00014836645
751.3334,0.00013731404
751.82227,0.00015896407
752.31116,0.00017179037
752.8,0.00013376634
753.2889,0.0003908833
753.7778,0.0001890285
754.26666,0.00014604682
754.75555,0.00012430582
755.24445,0.00014559198
755.73334,0.00015305124
756.2222,0.00011220726
756.7111,0.0000990171
757.2,0.0001749287
757.6889,0.00010488445
758.17773,0.00010033612
758.6666,0.00013403923
759.1555,0.00015709925
759.6444,0.00010520284
760.1333,0.000085872445
760.6222,0.00009219461
761.1111,0.00030373735
761.6,0.00010606702
762.08887,0.00013572212
762.57776,0.00015141384
763.06665,0.00013936078
763.55554,0.0001439091
764.04443,0.0001749287
764.5333,0.00015932794
765.0222,0.00013672275
765.5111,0.00009360459
766,0.000119575554
766.4889,0.0001234871
766.9778,0.000116801064
767.4667,0.00013922433
767.95557,0.00013581308
768.44446,0.00010051805
768.93335,0.00024683776
769.42224,0.00012607967
769.91113,0.00014181688
770.4,0.00013258378
770.8889,0.00015491607
771.3778,0.00014613778
771.8667,0.00010815924
772.3556,0.000115754956
772.8445,0.00023592178
773.3334,0.000117392345
773.82227,0.0001044751
774.31116,0.000122031655
774.8,0.00012753512
775.2889,0.00009615166
775.7778,0.00008960207
776.26666,0.00011025148
776.75555,0.000292503
777.24445,0.00010847763
777.73334,0.000138724
778.2222,0.00015073159
778.7111,0.00014104367
779.2,0.00014763874
779.6889,0.00017806706
780.17773,0.00017183584
780.6666,0.00018893754
781.1555,0.00015232351
781.6444,0.00014404555
782.1333,0.000111570494
782.6222,0.000110115034
783.1111,0.00015637152
783.6,0.0001654227
784.08887,0.00012357808
784.57776,0.00036532173
785.06665,0.00013749597
785.55554,0.000094923606
786.04443,0.00008291603
786.5333,0.00010097289
787.0222,0.00012216809
787.5111,0.00010351996
788,0.00009919904
788.4889,0.00018275184
788.9778,0.000087509834
789.4667,0.00008541761
789.95557,0.0001126166
790.44446,0.00011689204
790.93335,0.000083416344
791.42224,0.00008641824
791.91113,0.000114754315
792.4,0.00028422504
792.8889,0.00009183074
793.3778,0.000119712
793.8667,0.00013399376
794.3556,0.000119893935
794.8445,0.00012225907
795.3334,0.0001596918
795.82227,0.00014854841
796.31116,0.0001596918
796.8,0.00014386362
797.2889,0.0001610563
797.7778,0.00013472147
798.26666,0.00014008851
798.75555,0.00016792427
799.24445,0.00014713842
799.73334,0.00009369556
800.2222,0.00024588263
800.7111,0.00010506638
801.2,0.000089693036
801.6889,0.00008045993
802.17773,0.00008773725
802.6666,0.000087555316
803.1555,0.000082506675
803.6444,0.00008710049
804.1333,0.00018807338
804.6222,0.000110933724
805.1111,0.00009842583
805.6,0.00010943278
806.08887,0.00011784718
806.57776,0.00010247385
807.06665,0.00010238287
807.55554,0.0001422717
808.04443,0.0003430349
808.5333,0.00011243468
809.0222,0.0001417714
809.5111,0.00014145301
810,0.00012480613
810.4889,0.000110979214
810.9778,0.00013567663
811.4667,0.00013813273
811.95557,0.00017474679
812.44446,0.00012712578
812.93335,0.000119575554
813.42224,0.00008291603
813.91113,0.000086691136
814.4,0.00014249912
814.8889,0.00015737215
815.3778,0.00013958818
815.8667,0.00034540004
816.3556,0.00012171327
816.8445,0.000071818096
817.3334,0.00006558689
817.82227,0.000071909075
818.31116,0.00010588509
818.8,0.00010902342
819.2889,0.0001085686
819.7778,0.00017952251
820.26666,0.0001101605
820.75555,0.000097607124
821.24445,0.00010602153
821.73334,0.0001180746
822.2222,0.00011161598
822.7111,0.000110706314
823.2,0.00013644986
823.6889,0.00025911827
824.17773,0.00008132411
824.6666,0.00010852311
825.1555,0.00011116113
825.6444,0.00009469619
826.1333,0.000100927406
826.6222,0.00012899059
827.1111,0.00012812641
827.6,0.00012280486
828.08887,0.00010588508
828.57776,0.000111843394
829.06665,0.00007827673
829.55554,0.000072682284
830.04443,0.00009310429
830.5333,0.00010261029
831.0222,0.00009114849
831.5111,0.0002701707
832,0.00013226538
832.4889,0.000114754315
832.9778,0.00009205817
833.4667,0.00007491097
833.95557,0.000067451714
834.44446,0.000052988024
834.93335,0.000056080884
835.42224,0.00014127107
835.91113,0.0001033835
836.4,0.000089965935
836.8889,0.000092285576
837.3778,0.00009187623
837.8667,0.0000729097
838.3556,0.00007532031
838.8445,0.00010988762
839.3334,0.00026562237
839.82227,0.00008887434
840.31116,0.0001061125
840.8,0.0001104789
841.2889,0.000092603965
841.7778,0.00010074547
842.26666,0.00012521549
842.75555,0.00013690468
843.24445,0.0001727455
843.73334,0.00012285034
844.2222,0.0001259432
844.7111,0.00010574863
845.2,0.00009542393
845.6889,0.00011466336
846.17773,0.00012889963
846.6666,0.00009615166
847.1555,0.00019457749
847.6444,0.000056126373
848.1333,0.000049804195
848.6222,0.000051987397
849.1111,0.000069998765
849.6,0.00009360459
850.08887,0.000079459285
850.57776,0.00008114218
851.06665,0.0001390424
851.55554,0.00007231842
852.04443,0.000068361376
852.5333,0.00009596973
853.0222,0.00011107017
853.5111,0.00010311059
854,0.00009296783
854.4889,0.00010411124
854.9778,0.00027007973
855.4667,0.000096697455
855.95557,0.0001175288
856.44446,0.00013131024
856.93335,0.00012103102
857.42224,0.0001058396
857.91113,0.00010847763
858.4,0.00010015419
858.8889,0.00012962734
859.3778,0.000120803605
859.8667,0.00012303228
860.3556,0.000079777674
860.8445,0.00006754268
861.3334,0.00007431969
861.82227,0.00008118766
862.31116,0.000067770095
862.8,0.0001411801
863.2889,0.000072773255
863.7778,0.00007441066
864.26666,0.00007218197
864.75555,0.00009574232
865.24445,0.000113571754
865.73334,0.000105566694
866.2222,0.00013212893
866.7111,0.00031947458
867.2,0.00016182952
867.6889,0.0001365863
868.17773,0.00014995837
868.6666,0.00014295394
869.1555,0.00011111566
869.6444,0.00012166778
870.1333,0.0001937588
870.6222,0.0004565157
871.1111,0.00016806071
871.6,0.00017888575
872.08887,0.00019908033
872.57776,0.00019416813
873.06665,0.00019976258
873.55554,0.00023055474
874.04443,0.00024797485
874.5333,0.00031356176
875.0222,0.00025124964
875.5111,0.0002609376
876,0.00023378409
876.4889,0.0002402427
876.9778,0.0002809957
877.4667,0.00027412773
877.95557,0.00021804687
878.44446,0.00037669254
878.93335,0.0002652585
879.42224,0.00024683776
879.91113,0.00023492117
880.4,0.00027194453
880.8889,0.0002932762
881.3778,0.000289683
881.8667,0.00029286684
882.3556,0.0003953407
882.8445,0.00022491482
883.3334,0.00020130903
883.82227,0.0002086773
884.31116,0.00021099695
884.8,0.00019416814
885.2889,0.00018361601
885.7778,0.0002062212
886.26666,0.00036486692
886.75555,0.00011953007
887.24445,0.00013913336
887.73334,0.00013062799
888.2222,0.00009187623
888.7111,0.00009205816
889.2,0.00010606702
889.6889,0.00010574862
890.17773,0.00014309042
890.6666,0.0001134353
891.1555,0.00010570314
891.6444,0.00008068734
892.1333,0.0000745471
892.6222,0.00010151869
893.1111,0.000107158616
893.6,0.000083689236
894.08887,0.00021818331
894.57776,0.00008296151
895.06665,0.00006213016
895.55554,0.000056217337
896.04443,0.00007022618
896.5333,0.000080414444
897.0222,0.00008146055
897.5111,0.00008946562
898,0.00015459768
898.4889,0.000079868645
898.9778,0.000073682924
899.4667,0.000076593846
899.95557,0.00006736074
900.44446,0.000052396743
900.93335,0.000053033506
901.42224,0.00007472904
901.91113,0.00018297926
902.4,0.00005794571
902.8889,0.000073910334
903.3778,0.00007850414
903.8667,0.000055353157
904.3556,0.00005207836
904.8445,0.000049667742
905.3334,0.00005762732
905.82227,0.00009706133
906.31116,0.000065905275
906.8,0.0000604018
907.2889,0.00004266332
907.7778,0.000034658264
908.26666,0.00003957046
908.75555,0.000049076465
909.24445,0.00004907646
909.73334,0.00009110302
910.2222,0.000028290602
910.7111,0.000031110565
911.2,0.000033748598
911.6889,0.00004307267
912.17773,0.000062630475
912.6666,0.000048257763
913.1555,0.000045756184
913.6444,0.00009392298
914.1333,0.0000538522
914.6222,0.000049940645
915.1111,0.00005990149
915.6,0.00006931652
916.08887,0.00006463174
916.57776,0.000056217337
917.06665,0.000054034143
917.55554,0.00015732668
918.04443,0.000044937482
918.5333,0.000045392313
919.0222,0.000044300716
919.5111,0.00004443717
920,0.000052669642
920.4889,0.000060219867
920.9778,0.000055262193
921.4667,0.00006535948
921.95557,0.0000568541
922.44446,0.000060993083
922.93335,0.000053442855
923.42224,0.00004671133
923.91113,0.000048712594
924.4,0.000046529396
924.8889,0.00003661404
925.3778,0.00011220726
925.8667,0.00006467723
926.3556,0.000049758706
926.8445,0.00004307267
927.3334,0.00005817312
927.82227,0.00006108405
928.31116,0.0000473481
928.8,0.0000465294
929.2889,0.00007968671
929.7778,0.000049485814
930.26666,0.000054898326
930.75555,0.00006908911
931.24445,0.00007309163
931.73334,0.00007500193
932.2222,0.00006272144
932.7111,0.00018998368
