Wavelength,Wavenumber,Intensity
251.83884117409121,20910.941185340504,0.12380952380952381
252.37671957185486,20826.313570815284,0.080952380952381
252.91459796961848,20742.045914679766,0.07619047619047625
253.45247636738213,20658.13592521623,0.11190476190476195
253.99035476514575,20574.581330119792,0.03809523809523818
254.5282331629094,20491.379876293206,0.030952380952380953
255.06611156067302,20408.529329644385,0.01904761904761909
255.60398995843667,20326.027474886425,0.0071428571428572285
256.1418683562003,20243.872115340157,0.014285714285714346
256.67974675396397,20162.061072739176,0.03809523809523818
257.2176251517276,20080.59218703735,0.030952380952380953
257.7555035494912,19999.463316218666,0.030952380952380953
258.29338194725483,19918.67233610952,0.004761904761904856
258.8312603450185,19838.21714019333,0.004761904761904856
259.3691387427821,19758.095639427484,0.01904761904761909
259.90701714054575,19678.30576206243,0.0071428571428572285
260.4448955383094,19598.845453463204,0.0
260.98277393607304,19519.712675933035,0.0
261.52065233383667,19440.905408539133,0.0
262.0585307316003,19362.42164694066,0.004761904761904856
262.59640912936396,19284.259403218835,0.004761904761904856
263.1342875271276,19206.416705709053,0.004761904761904856
263.6721659248912,19128.891598835107,0.0
264.2100443226549,19051.68214294542,0.0
264.7479227204185,18974.786414151313,0.0
265.2858011181821,18898.202504167137,0.0
265.82367951594574,18821.928520152476,0.0
266.3615579137094,18745.962584556153,0.0
266.89943631147304,18670.302834962247,0.004761904761904856
267.43731470923666,18594.947423937774,0.009523809523809601
267.97519310700034,18519.894518882407,0.0
268.51307150476396,18445.14230187991,0.0
269.0509499025276,18370.688969551295,0.0
269.5888283002912,18296.532732909873,0.0
270.1267066980549,18222.67181721791,0.0
270.6645850958185,18149.104461845083,0.0
271.2024634935821,18075.828920128566,0.0
271.7403418913458,18002.843459234784,0.0
272.2782202891094,17930.146360022845,0.0
272.81609868687303,17857.735916909536,0.0
273.35397708463665,17785.610437735944,0.0
273.89185548240033,17713.76824363562,0.0
274.42973388016395,17642.207668904375,0.0
274.96761227792757,17570.927060871472,0.0
275.5054906756912,17499.924779772417,0.0
276.04336907345487,17429.199198623253,0.0
276.5812474712185,17358.74870309625,0.0
277.1191258689821,17288.571691397097,0.0
277.6570042667458,17218.666574143477,0.0
278.1948826645094,17149.031774245115,0.0
278.732761062273,17079.665726785155,0.0
279.27063946003665,17010.566878902908,0.0
279.8085178578003,16941.733689678018,0.0
280.34639625556395,16873.164630015905,0.0
280.88427465332757,16804.858182534503,0.0
281.42215305109124,16736.81284145236,0.0
281.96003144885486,16669.027112478005,0.0
282.4979098466185,16601.499512700502,0.0
283.0357882443821,16534.22857048139,0.0
283.5736666421458,16467.212825347706,0.0
284.1115450399094,16400.45082788635,0.0
284.649423437673,16333.941139639559,0.0
285.18730183543664,16267.68233300159,0.0
285.7251802332003,16201.672991116582,0.0
286.26305863096394,16135.911707777595,0.0
286.80093702872756,16070.397087326695,0.0
287.33881542649124,16005.12774455626,0.0
287.87669382425486,15940.102304611348,0.0
288.4145722220185,15875.319402893147,0.0
288.9524506197821,15810.777684963512,0.0
289.4903290175458,15746.475806450595,0.0
290.0282074153094,15682.41243295549,0.004761904761904856
290.566085813073,15618.586239959928,0.0
291.1039642108367,15554.995912734972,0.0
291.6418426086003,15491.6401462508,0.0
292.17972100636393,15428.517645087348,0.0
292.71759940412755,15365.627123346101,0.0
293.25547780189123,15302.967304562706,0.0
293.79335619965485,15240.53692162066,0.0
294.3312345974185,15178.334716665879,0.004761904761904856
294.86911299518215,15116.359441022192,0.0
295.40699139294577,15054.609855107832,0.0
295.9448697907094,14993.084728352762,0.0
296.482748188473,14931.782839116931,0.0
297.0206265862367,14870.70297460942,0.0
297.5585049840003,14809.84393080847,0.0
298.0963833817639,14749.204512382363,0.0
298.6342617795276,14688.783532611138,0.0
299.1721401772912,14628.57981330924,0.0
299.71001857505485,14568.592184748864,0.0
300.24789697281847,14508.81948558423,0.0
300.78577537058214,14449.260562776653,0.0
301.32365376834576,14389.914271520385,0.0
301.8615321661094,14330.779475169249,0.0
302.39941056387306,14271.855045164084,0.0
302.9372889616367,14213.139860960975,0.0
303.4751673594003,14154.632809960196,0.0
304.0130457571639,14096.33278743591,0.0
304.5509241549276,14038.238696466695,0.0
305.0888025526912,13980.349447866713,0.0
305.62668095045484,13922.66396011764,0.0
306.1645593482185,13865.1811593013,0.0
306.70243774598214,13807.899979033078,0.0
307.24031614374576,13750.8193603959,0.0
307.7781945415094,13693.938251875035,0.0
308.31607293927306,13637.255609293505,0.0
308.8539513370367,13580.770395748197,0.0
309.3918297348003,13524.481581546632,0.0
309.929708132564,13468.388144144377,0.0
310.4675865303276,13412.489068083181,0.0
311.0054649280912,13356.783344929627,0.0
311.54334332585483,13301.269973214534,0.0
312.0812217236185,13245.94795837293,0.0
312.61910012138213,13190.81631268467,0.0
313.15697851914575,13135.87405521563,0.0
313.69485691690943,13081.120211759539,0.0
314.23273531467305,13026.553814780407,0.0
314.77061371243667,12972.173903355517,0.0
315.3084921102003,12917.979523119036,0.0
315.84637050796397,12863.969726206156,0.0
316.3842489057276,12810.143571197885,0.0
316.9221273034912,12756.500123066282,0.0
317.4600057012549,12703.038453120356,0.0
317.9978840990185,12649.757638952477,0.0
318.5357624967821,12596.656764385298,0.0
319.07364089454575,12543.734919419261,0.0
319.6115192923094,12490.9912001806,0.0
320.14939769007304,12438.424708869916,0.0
320.68727608783666,12386.034553711179,0.0
321.22515448560034,12333.819848901338,0.0
321.76303288336396,12281.779714560402,0.0
322.3009112811276,12229.913276681993,0.0
322.8387896788912,12178.219667084417,0.0
323.3766680766549,12126.698023362238,0.0
323.9145464744185,12075.34748883832,0.0
324.4524248721821,12024.167212516328,0.0
324.9903032699458,11973.156349033714,0.0
325.5281816677094,11922.314058615215,0.0
326.06606006547304,11871.639507026714,0.0
326.60393846323666,11821.131865529645,0.0
327.14181686100034,11770.790310835808,0.0
327.67969525876396,11720.614025062641,0.0
328.2175736565276,11670.602195688909,0.0
328.75545205429125,11620.754015510855,0.0
329.2933304520549,11571.06868259879,0.0
329.8312088498185,11521.545400254061,0.0
330.3690872475821,11472.183376966474,0.0
330.9069656453458,11422.981826372135,0.0
331.4448440431094,11373.939967211692,0.0
331.98272244087303,11325.057023288977,0.0
332.5206008386367,11276.332223430047,0.0
333.05847923640033,11227.764801442656,0.0
333.59635763416395,11179.353996076065,0.0
334.13423603192757,11131.099050981287,0.0
334.6721144296912,11082.99921467169,0.0
335.20999282745487,11035.053740483989,0.0
335.7478712252185,10987.26188653961,0.0
336.28574962298217,10939.622915706419,0.0
336.8236280207458,10892.13609556084,0.0
337.3615064185094,10844.800698350296,0.0
337.899384816273,10797.616000956048,0.0
338.43726321403665,10750.581284856366,0.0
338.9751416118003,10703.695836090057,0.0
339.51302000956395,10656.958945220355,0.0
340.0508984073276,10610.369907299108,0.0
340.58877680509124,10563.928021831362,0.0
341.12665520285486,10517.632592740236,0.0
341.6645336006185,10471.482928332149,0.0
342.2024119983821,10425.47834126238,0.0
342.7402903961458,10379.618148500926,0.0
343.2781687939094,10333.901671298732,0.0
343.8160471916731,10288.328235154153,0.0
344.3539255894367,10242.89716977984,0.0
344.8918039872003,10197.607809069828,0.0
345.42968238496394,10152.45949106701,0.0
345.96756078272756,10107.451557930879,0.0
346.50543918049124,10062.583355905568,0.0
347.04331757825486,10017.854235288221,0.0
347.58119597601853,9973.263550397598,0.0
348.11907437378215,9928.810659543044,0.0
348.6569527715458,9884.494924993669,0.0
349.1948311693094,9840.315712947882,0.0
349.732709567073,9796.272393503154,0.0
350.2705879648367,9752.364340626093,0.0
350.8084663626003,9708.590932122788,0.0
351.346344760364,9664.951549609399,0.0
351.8842231581276,9621.44557848306,0.0
352.42210155589123,9578.07240789301,0.0
352.95997995365485,9534.831430711998,0.0
353.4978583514185,9491.722043507983,0.0
354.03573674918215,9448.743646516028,0.0
354.57361514694577,9405.895643610522,0.0
355.11149354470945,9363.177442277585,0.0
355.64937194247307,9320.588453587785,0.0
356.1872503402367,9278.128092169041,0.0
356.7251287380003,9235.795776179843,0.0
357.2630071357639,9193.590927282632,0.0
357.8008855335276,9151.512970617496,0.0
358.3387639312912,9109.561334776066,0.0
358.87664232905485,9067.735451775636,0.0
359.4145207268185,9026.034757033522,0.0
359.95239912458214,8984.458689341704,0.0
360.49027752234576,8943.006690841594,0.0
361.0281559201094,8901.678206999117,0.0
361.56603431787306,8860.472686579971,0.0
362.1039127156367,8819.389581625146,0.0
362.6417911134003,8778.428347426583,0.0
363.179669511164,8737.588442503144,0.0
363.7175479089276,8696.86932857674,0.0
364.2554263066912,8656.270470548672,0.0
364.79330470445484,8615.791336476199,0.0
365.3311831022185,8575.431397549306,0.0
365.86906149998214,8535.190128067683,0.0
366.40693989774576,8495.067005417877,0.0
366.94481829550944,8455.061510050688,0.0
367.48269669327306,8415.17312545875,0.0
368.0205750910367,8375.401338154283,0.0
368.5584534888003,8335.745637647055,0.0
369.096331886564,8296.205516422568,0.0
369.6342102843276,8256.780469920392,0.0
370.1720886820912,8217.46999651269,0.0
370.7099670798549,8178.273597482956,0.0
371.2478454776185,8139.190777004944,0.0
371.78572387538213,8100.221042121717,0.0
372.32360227314575,8061.363902724956,0.0
372.86148067090943,8022.618871534396,0.0
373.39935906867305,7983.985464077472,0.0
373.93723746643667,7945.4631986691165,0.0
374.47511586420035,7907.051596391724,0.0
375.01299426196397,7868.750181075346,0.0
375.5508726597276,7830.558479277974,0.0
376.0887510574912,7792.476020266051,0.0
376.6266294552549,7754.502335995119,0.0
377.1645078530185,7716.63696109068,0.0
377.7023862507821,7678.87943282913,0.0
378.2402646485458,7641.229291118943,0.0
378.7781430463094,7603.686078481995,0.0
379.31602144407304,7566.249340035003,0.0
379.85389984183666,7528.918623471167,0.004761904761904856
380.3917782396003,7491.693479041969,0.0
380.92965663736396,7454.573459539075,0.0
381.46753503512764,7417.558120276473,0.0
382.00541343289126,7380.647019072683,0.0
382.5432918306549,7343.839716233153,0.0
383.0811702284185,7307.135774532806,0.0
383.6190486261821,7270.5347591987265,0.0
384.15692702394574,7234.036237892997,0.0
384.6948054217094,7197.639780695667,0.0
385.23268381947304,7161.344960087878,0.0
385.7705622172367,7125.151350935117,0.0
386.30844061500034,7089.058530470644,0.0
386.84631901276396,7053.0660782789855,0.0
387.3841974105276,7017.173576279645,0.0
387.9220758082912,6981.380608710908,0.0
388.4599542060549,6945.686762113783,0.0
388.9978326038185,6910.091625316094,0.0
389.5357110015822,6874.594789416664,0.0
390.0735893993458,6839.195847769697,0.0
390.6114677971094,6803.894395969219,0.0
391.14934619487303,6768.690031833681,0.0
391.68722459263665,6733.582355390707,0.0
392.22510299040033,6698.570968861914,0.0
392.76298138816395,6663.655476647924,0.0
393.3008597859276,6628.835485313433,0.0071428571428572285
393.83873818369125,6594.110603572459,0.0
394.37661658145487,6559.48044227366,0.0
394.9144949792185,6524.944614385819,0.0
395.4523733769821,6490.502734983409,0.0
395.9902517747458,6456.154421232302,0.0
396.5281301725094,6421.899292375587,0.0
397.0660085702731,6387.736969719488,0.0
397.6038869680367,6353.667076619418,0.0
398.1417653658003,6319.6892384661405,0.0
398.67964376356394,6285.803082672024,0.0
399.21752216132757,6252.008238657443,0.0
399.75540055909124,6218.304337837253,0.0
400.29327895685486,6184.6910136074,0.0
400.83115735461854,6151.167901331624,0.0
401.36903575238216,6117.734638328282,0.0
401.9069141501458,6084.39086385725,0.0
402.4447925479094,6051.136219106964,0.0
402.982670945673,6017.970347181545,0.0
403.5205493434367,5984.892893088032,0.0
404.0584277412003,5951.903503723723,0.0
404.596306138964,5919.001827863587,0.0
405.1341845367276,5886.187516147835,0.0
405.67206293449124,5853.460221069519,0.0
406.20994133225486,5820.81959696229,0.0
406.7478197300185,5788.265299988212,0.0
407.28569812778215,5755.796988125698,0.0
407.8235765255458,5723.414321157539,0.0
408.36145492330945,5691.116960658997,0.0
408.8993333210731,5658.9045699860435,0.0
409.4372117188367,5626.776814263638,0.0
409.9750901166003,5594.733360374139,0.0
410.51296851436393,5562.773876945794,0.0
411.0508469121276,5530.898034341288,0.0
411.58872530989123,5499.105504646464,0.0
412.1266037076549,5467.395961659018,0.0
412.66448210541853,5435.769080877388,0.0
413.20236050318215,5404.22453948966,0.0
413.74023890094577,5372.762016362594,0.0
414.2781172987094,5341.381192030716,0.0
414.81599569647307,5310.08174868553,0.0
415.3538740942367,5278.863370164763,0.0
415.89175249200036,5247.725741941726,0.0
416.429630889764,5216.668551114766,0.0
416.9675092875276,5185.691486396772,0.0
417.5053876852912,5154.7942381047615,0.0
418.04326608305485,5123.976498149594,0.0
418.5811444808185,5093.237960025694,0.0
419.11902287858214,5062.578318800926,0.0
419.6569012763458,5031.997271106484,0.0
420.19477967410944,5001.494515126891,0.0
420.73265807187306,4971.069750590075,0.0
421.2705364696367,4940.722678757524,0.0
421.8084148674003,4910.453002414477,0.0
422.346293265164,4880.260425860262,0.0
422.8841716629276,4850.144654898642,0.0
423.4220500606913,4820.105396828258,0.0
423.9599284584549,4790.142360433165,0.0
424.4978068562185,4760.255255973396,0.0
425.03568525398214,4730.443795175648,0.0
425.57356365174576,4700.707691223994,0.0
426.11144204950944,4671.046658750693,0.0
426.64932044727306,4641.460413827066,0.0
427.18719884503673,4611.948673954419,0.0
427.72507724280035,4582.511158055087,0.0
428.262955640564,4553.147586463459,0.0
428.8008340383276,4523.857680917172,0.0
429.3387124360912,4494.641164548284,0.0
429.87659083385483,4465.497761874569,0.0
430.4144692316185,4436.427198790858,0.0
430.9523476293822,4407.429202560441,0.0
431.4902260271458,4378.503501806543,0.0
432.02810442490943,4349.649826503839,0.0
432.56598282267305,4320.867907970081,0.0
433.10386122043667,4292.157478857738,0.0
433.6417396182003,4263.518273145724,0.0
434.17961801596397,4234.950026131177,0.0
434.71749641372764,4206.4524744213195,0.0
435.25537481149127,4178.025355925347,0.0
435.7932532092549,4149.668409846399,0.0
436.3311316070185,4121.381376673577,0.0
436.8690100047821,4093.163998174041,0.0
437.40688840254575,4065.0160173851436,0.0
437.9447668003094,4036.9371786066295,0.0
438.4826451980731,4008.9272273928946,0.0
439.0205235958367,3980.985910545307,0.0
439.55840199360034,3953.1129761045595,0.0
440.09628039136396,3925.3081733431063,0.0
440.6341587891276,3897.571252757658,0.0
441.1720371868912,3869.901966061694,0.0
441.7099155846549,3842.3000661780643,0.009523809523809601
442.24779398241856,3814.7653072316534,0.0
442.7856723801822,3787.2974445420514,0.0
443.3235507779458,3759.8962346163134,0.0
443.8614291757094,3732.5614351417826,0.0
444.39930757347304,3705.2928049789225,0.0
444.93718597123666,3678.0901041542384,0.0
445.47506436900034,3650.9530938532444,0.0
446.01294276676396,3623.8815364134643,0.0
446.55082116452763,3596.875195317487,0.0
447.08869956229125,3569.9338351861115,0.0
447.6265779600549,3543.057221771458,0.0
448.1644563578185,3516.245121950222,0.0
448.7023347555821,3489.4973037169148,0.0
449.2402131533458,3462.813536177171,0.0
449.7780915511094,3436.193589541115,0.0
450.3159699488731,3409.6372351167483,0.0
450.8538483466367,3383.1442453034288,0.0
451.39172674440033,3356.714393585331,0.0
451.92960514216395,3330.3474545250137,0.0
452.46748353992757,3304.0432037570135,0.0
453.00536193769125,3277.8014179814636,0.0
453.54324033545487,3251.6218749577965,0.0
454.08111873321855,3225.504353498447,0.0
454.61899713098217,3199.448633462638,0.0
455.1568755287458,3173.4544957502003,0.0
455.6947539265094,3147.521722295405,0.0
456.232632324273,3121.6500960608973,0.0
456.7705107220367,3095.8394010316224,0.0
457.3083891198003,3070.089422208821,0.0
457.846267517564,3044.3999456040474,0.0
458.3841459153276,3018.770758233273,0.0
458.92202431309124,2993.201648110953,0.0
459.45990271085486,2967.692404244226,0.0
459.9977811086185,2942.2428166270874,0.0
460.53565950638216,2916.852676234619,0.0
461.0735379041458,2891.5217750172997,0.0
461.61141630190946,2866.2499058952817,0.0
462.1492946996731,2841.036862752786,0.0
462.6871730974367,2815.8824404324623,0.0
463.2250514952003,2790.7864347298564,0.0
463.76292989296394,2765.7486423878545,0.0
464.3008082907276,2740.7688610912264,0.0
464.83868668849124,2715.8468894611615,0.0
465.3765650862549,2690.9825270498404,0.0
465.91444348401853,2666.175574335095,0.0
466.45232188178215,2641.425832715053,0.0
466.9902002795458,2616.733104502826,0.0
467.5280786773094,2592.0971929212683,0.0
468.0659570750731,2567.5179020977375,0.0
468.6038354728367,2542.9950370589177,0.0
469.14171387060037,2518.528403725635,0.0
469.679592268364,2494.117808907773,0.0
470.2174706661276,2469.7630602991558,0.0
470.75534906389123,2445.463966472522,0.0
471.29322746165485,2421.220336874492,0.0
471.8311058594185,2397.0319818206044,0.0
472.36898425718215,2372.898712490358,0.0
472.9068626549458,2348.820340922288,0.0
473.44474105270945,2324.79668000912,0.0
473.98261945047307,2300.8275434928764,0.0
474.5204978482367,2276.9127459601114,0.0
475.0583762460003,2253.052102837086,0.0
475.596254643764,2229.2454303850536,0.0
476.1341330415276,2205.4925456955316,0.0
476.6720114392913,2181.793266685603,0.0
477.2098898370549,2158.147412093287,0.0
477.7477682348185,2134.55480147291,0.0
478.28564663258214,2111.015255190501,0.0
478.82352503034576,2087.5285944192547,0.0
479.36140342810944,2064.0946411349832,0.0
479.89928182587306,2040.7132181116358,0.0
480.43716022363674,2017.384148916819,0.0
480.97503862140036,1994.1072579073698,0.0
481.512917019164,1970.8823702249247,0.0
482.0507954169276,1947.7093117915683,0.0
482.5886738146912,1924.5879093054755,0.0
483.1265522124549,1901.5179902365744,0.0
483.6644306102185,1878.4993828222869,0.014285714285714346
484.2023090079822,1855.5319160632353,0.0
484.7401874057458,1832.6154197190226,0.0
485.27806580350943,1809.7497243040307,0.0
485.81594420127306,1786.934661083229,0.0
486.3538225990367,1764.1700620680313,0.0
486.89170099680035,1741.4557600121698,0.0
487.429579394564,1718.79158840761,0.0
487.96745779232765,1696.1773814804692,0.0
488.50533619009127,1673.6129741869736,0.0
489.0432145878549,1651.0982022094613,0.0
489.5810929856185,1628.6329019523655,0.0
490.11897138338213,1606.2169105382782,0.0
490.65684978114575,1583.8500658039957,0.0
491.19472817890943,1561.532206296626,0.0
491.7326065766731,1539.2631712696857,0.0
492.2704849744367,1517.0428006792536,0.0
492.80836337220035,1494.87093518013,0.0
493.34624176996397,1472.7474161220234,0.0
493.8841201677276,1450.6720855457825,0.0
494.4219985654912,1428.6447861796223,0.0
494.9598769632549,1406.665361435389,0.0
495.49775536101856,1384.7336554048597,0.0
496.0356337587822,1362.8495128560571,0.0
496.5735121565458,1341.0127792295716,0.0
497.1113905543094,1319.223300634927,0.0
497.64926895207304,1297.4809238469788,0.0
498.18714734983666,1275.7854963023128,0.0
498.72502574760034,1254.136866095676,0.0
499.262904145364,1232.5348819764258,0.0
499.80078254312764,1210.9793933450346,0.0
500.33866094089126,1189.4702502495493,0.0
500.8765393386549,1168.0073033821427,0.0
501.4144177364185,1146.5904040756504,0.0
501.9522961341821,1125.2194043001437,0.0
502.4901745319458,1103.8941566595022,0.0
503.0280529297095,1082.6145143880458,0.0
503.5659313274731,1061.3803313471653,0.0
504.1038097252367,1040.1914620219613,0.0
504.64168812300034,1019.0477615179225,0.0
505.17956652076396,997.9490855576478,0.0
505.7174449185276,976.8952904775324,0.0
506.25532331629125,955.8862332245299,0.0
506.7932017140549,934.9217713528997,0.0
507.33108011181855,914.0017630209913,0.0
507.86895850958217,893.1260669880539,0.0
508.4068369073458,872.2945426110382,0.0
508.9447153051094,851.507049841457,0.0
509.4825937028731,830.7634492222314,0.0
510.0204721006367,810.0636018845944,0.0
510.55835049840033,789.4073695449661,0.0
511.096228896164,768.7946145018868,0.0
511.6341072939276,748.2251996329578,0.0
512.1719856916912,727.6989883918031,0.0
512.7098640894549,707.2158448050395,0.0
513.2477424872186,686.7756334692749,0.0
513.7856208849821,666.3782195481435,0.0
514.3234992827458,646.0234687693046,0.0
514.8613776805093,625.7112474215392,0.0
515.3992560782731,605.4414223517779,0.0
515.9371344760367,585.2138609622343,0.0
516.4750128738003,565.0284312074837,0.0
517.0128912715641,544.8850015915959,0.0
517.5507696693276,524.7834411653021,0.0
518.0886480670913,504.7236195231053,0.0
518.6265264648548,484.70540680052727,0.0
519.1644048626185,464.7286736712449,0.0
519.7022832603822,444.79329134435466,0.0
520.2401616581458,424.89913156156763,0.0
520.7780400559095,405.0460665944811,0.0
521.315918453673,385.23396924184635,0.0
521.8537968514368,365.46271282681846,0.0
522.3916752492003,345.7321711943114,0.0
522.929553646964,326.04221870825495,0.0
523.4674320447276,306.39273024898284,0.0
524.0053104424912,286.78358121055135,0.0
524.543188840255,267.2146474980982,0.0
525.0810672380185,247.68580552526691,0.0
525.6189456357822,228.19693221154012,0.0
526.1568240335457,208.74790497972208,0.0
526.6947024313095,189.3386017533121,0.0
527.2325808290731,169.96890095399795,0.0
527.7704592268367,150.63868149907648,0.0
528.3083376246004,131.34782279895444,0.0
528.8462160223639,112.09620475464908,0.0
529.3840944201277,92.8837077552489,0.0
529.9219728178912,73.71021267551623,0.0
530.4598512156549,54.57560087332604,0.0
530.9977296134185,35.47975418731221,0.0
531.5356080111821,16.422554934375512,0.0
532.0734864089459,-2.596114092713833,0.0
532.6113648067094,-21.576369627709937,0.0
533.1492432044731,-40.5183279333105,0.0
533.6871216022366,-59.42210480348149,0.0
534.2250000000004,-78.28781556588365,0.0
534.762878397764,-97.11557508413898,0.0
535.3007567955276,-115.90549776022817,0.0
535.8386351932913,-134.65769753677887,0.0
536.3765135910548,-153.37228789935762,0.0
536.9143919888186,-172.04938187879816,0.0
537.4522703865821,-190.68909205342425,0.0
537.9901487843458,-209.29153055137067,0.0
538.5280271821094,-227.85680905277331,0.0
539.0659055798731,-246.3850387920429,0.0
539.6037839776368,-264.87633056008053,0.0
540.1416623754003,-283.3307947064641,0.0
540.679540773164,-301.74854114168556,0.0
541.2174191709275,-320.1296793392794,0.0
541.7552975686913,-338.4743183380451,0.0
542.2931759664549,-356.7825667441575,0.0
542.8310543642185,-375.0545327333384,0.0
543.3689327619821,-393.29032405297767,0.0
543.9068111597458,-411.4900480242577,0.0
544.4446895575095,-429.6538115442527,0.0
544.982567955273,-447.7817210880057,0.0
545.5204463530367,-465.8738827106572,0.0
546.0583247508004,-483.9304020494492,0.0
546.596203148564,-501.9513843258392,0.0
547.1340815463276,-519.9369343475009,0.0
547.6719599440912,-537.8871565103873,0.0
548.209838341855,-555.8021548007309,0.0
548.7477167396185,-573.6820327970527,0.0
549.2855951373822,-591.5268936721841,0.0071428571428572285
549.8234735351458,-609.336840195203,0.0071428571428572285
550.3613519329094,-627.111974733456,0.011904761904761973
550.899230330673,-644.852399254487,0.03809523809523818
551.4371087284367,-662.5582153280084,0.08571428571428574
551.9749871262004,-680.2295241278225,0.11904761904761907
552.5128655239639,-697.8664264337458,0.33571428571428574
553.0507439217276,-715.469022633566,0.4904761904761906
553.5886223194913,-733.037412724876,0.5928571428571429
554.1265007172549,-750.5716963170344,0.4119047619047619
554.6643791150185,-768.0719726330135,1.0428571428571427
555.2022575127821,-785.5383405112698,1.9214285714285713
555.7401359105459,-802.9708984076278,2.7285714285714286
556.2780143083094,-820.3697443970923,3.3714285714285714
556.8158927060731,-837.7349761757432,3.971428571428571
557.3537711038367,-855.0666910624968,4.752380952380952
557.8916495016003,-872.3649860009755,6.102380952380953
558.429527899364,-889.6299575613011,7.628571428571429
558.9674062971276,-906.8617019418853,9.252380952380951
559.5052846948913,-924.0603149712151,10.704761904761904
560.0431630926548,-941.2258921096291,13.1
560.5810414904186,-958.35852845111,15.783333333333331
561.1189198881822,-975.4583187249991,18.84285714285714
561.6567982859458,-992.5253572977672,22.076190476190476
562.1946766837094,-1009.5597381747466,26.114285714285714
562.732555081473,-1026.5615550018592,30.05
563.2704334792368,-1043.5309010673263,34.46666666666667
563.8083118770003,-1060.4678693033748,39.21190476190476
564.346190274764,-1077.3725522879467,44.09761904761905
564.8840686725276,-1094.245042246359,48.4952380952381
565.4219470702913,-1111.0854310530158,53.273809523809526
565.9598254680549,-1127.8938102330467,57.67619047619048
566.4977038658185,-1144.6702709639794,62.80476190476191
567.0355822635822,-1161.4149040773882,67.14285714285714
567.5734606613457,-1178.1278000605198,71.61904761904762
568.1113390591095,-1194.8090490579489,76.82380952380952
568.6492174568731,-1211.4587408731713,81.29285714285714
569.1870958546367,-1228.0769649702306,85.53809523809524
569.7249742524003,-1244.6638104753183,89.32142857142857
570.262852650164,-1261.2193661783713,93.56904761904761
570.8007310479277,-1277.7437205346505,98.41190476190476
571.3386094456912,-1294.2369616662982,102.53333333333333
571.8764878434549,-1310.6991773639566,106.11190476190475
572.4143662412185,-1327.130455088267,109.08095238095238
572.9522446389822,-1343.530881971452,112.8047619047619
573.4901230367458,-1359.9005448188473,115.87857142857142
574.0280014345094,-1376.239530110437,118.6547619047619
574.5658798322731,-1392.5479240023742,120.82857142857142
575.1037582300366,-1408.8258123284759,123.60238095238095
575.6416366278004,-1425.0732806017804,125.74047619047619
576.179515025564,-1441.2904140159808,128.37619047619046
576.7173934233276,-1457.4772974469597,130.32857142857142
577.2552718210912,-1473.6340154542522,132.6
577.7931502188549,-1489.7606522825226,134.61904761904762
578.3310286166186,-1505.8572918630307,136.59047619047618
578.8689070143821,-1521.9240178150649,138.7952380952381
579.4067854121458,-1537.9609134474413,140.7047619047619
579.9446638099095,-1553.968061759886,142.21428571428572
580.4825422076731,-1569.9455454445051,143.8190476190476
581.0204206054367,-1585.893446887192,145.54999999999998
581.5582990032003,-1601.8118481690544,147.2404761904762
582.096177400964,-1617.7008310678066,148.57619047619048
582.6340557987276,-1633.5604770591817,150.08333333333334
583.1719341964913,-1649.390867318336,151.32142857142856
583.7098125942549,-1665.1920827211943,152.89285714285714
584.2476909920185,-1680.964203845877,153.9857142857143
584.7855693897822,-1696.7073109740304,154.92380952380952
585.3234477875458,-1712.4214840922104,156.21904761904761
585.8613261853095,-1728.106802893235,157.2904761904762
586.399204583073,-1743.7633467775086,158.12142857142857
586.9370829808367,-1759.3911948544046,158.89761904761903
587.4749613786004,-1774.9904259435607,159.92857142857142
588.012839776364,-1790.5611185762136,161.07857142857142
588.5507181741276,-1806.103350996531,161.98809523809524
589.0885965718912,-1821.6172011629023,162.81428571428572
589.626474969655,-1837.1027467492604,163.2785714285714
590.1643533674185,-1852.5600651463537,164.18809523809523
590.7022317651822,-1867.9892334630676,164.77619047619046
591.2401101629458,-1883.3903285276756,165.30714285714285
591.7779885607094,-1898.7634268891416,165.88095238095238
592.3158669584731,-1914.108604818357,166.5452380952381
592.8537453562367,-1929.4259383094395,167.09047619047618
593.3916237540004,-1944.7155030809627,167.33809523809524
593.9295021517639,-1959.977374577189,167.89523809523808
594.4673805495277,-1975.2116279693691,168.40238095238095
595.0052589472913,-1990.4183381568982,168.67142857142858
595.5431373450549,-2005.5975797686115,169.06428571428572
596.0810157428185,-2020.749427163959,169.09761904761905
596.6188941405821,-2035.8739544342498,169.51904761904763
597.1567725383459,-2050.971235403842,169.67619047619047
597.6946509361094,-2066.0413436313393,169.91190476190476
598.2325293338731,-2081.0843524108204,169.84047619047618
598.7704077316367,-2096.1003347729747,170.0
599.3082861294004,-2111.0893634863314,170.32380952380953
599.846164527164,-2126.051511058402,170.0404761904762
600.3840429249276,-2140.9868497368734,170.22857142857143
600.9219213226913,-2155.8954515107544,170.17380952380952
601.4597997204548,-2170.7773881115354,170.06428571428572
601.9976781182186,-2185.632731014357,169.96666666666667
602.5355565159822,-2200.4615514391116,169.88095238095238
603.0734349137458,-2215.2639203516337,169.92619047619047
603.6113133115094,-2230.039908464798,169.79285714285714
604.149191709273,-2244.7895862396545,169.62857142857143
604.6870701070368,-2259.513023886546,169.4047619047619
605.2249485048003,-2274.210291366224,169.4142857142857
605.762826902564,-2288.881458390966,168.92857142857142
606.3007053003276,-2303.5265944256607,168.86904761904762
606.8385836980913,-2318.1457686889153,168.44285714285715
607.3764620958549,-2332.7390501541413,168.43809523809523
607.9143404936185,-2347.3065075506493,167.79285714285714
608.4522188913822,-2361.8482093647144,167.6
608.9900972891458,-2376.3642238406464,167.17142857142858
609.5279756869095,-2390.854618981888,166.86666666666667
610.0658540846731,-2405.31946255203,166.38095238095238
610.6037324824367,-2419.7588220759117,165.6809523809524
611.1416108802003,-2434.1727648406413,165.38571428571427
611.679489277964,-2448.561357896657,165.00714285714287
612.2173676757277,-2462.924668058762,164.50238095238095
612.7552460734912,-2477.262761907152,164.21428571428572
613.2931244712549,-2491.575705788464,163.57857142857142
613.8310028690186,-2505.8635658167714,163.46190476190475
614.3688812667822,-2520.1264078746262,162.62619047619046
614.9067596645458,-2534.3642976140563,162.3047619047619
615.4446380623094,-2548.577300457586,161.64285714285714
615.9825164600732,-2562.7654815992264,161.32619047619048
616.5203948578367,-2576.928906005469,160.63571428571427
617.0582732556004,-2591.0676384163053,159.94761904761904
617.596151653364,-2605.1817433461692,159.55714285714285
618.1340300511276,-2619.2712850849566,159.19285714285715
618.6719084488913,-2633.336327698982,158.4738095238095
619.2097868466549,-2647.376935031958,157.86666666666667
619.7476652444186,-2661.393170705953,157.44285714285715
620.2855436421821,-2675.385098122355,157.07380952380953
620.8234220399459,-2689.352780462841,156.38095238095238
621.3613004377095,-2703.2962806902997,155.88333333333333
621.8991788354731,-2717.215661549808,155.2904761904762
622.4370572332367,-2731.110985569552,154.7047619047619
622.9749356310003,-2744.9823150617704,153.95714285714286
623.5128140287641,-2758.82971212369,153.4190476190476
624.0506924265276,-2772.653238638435,152.85238095238094
624.5885708242913,-2786.45295627598,152.15952380952382
625.1264492220549,-2800.228926494032,151.69047619047618
625.6643276198186,-2813.9812105389647,150.98333333333332
626.2022060175822,-2827.709869446726,150.42142857142858
626.7400844153458,-2841.414964043728,149.8190476190476
627.2779628131095,-2855.0965549477623,149.16190476190476
627.815841210873,-2868.7547025688673,148.5547619047619
628.3537196086368,-2882.389467110259,147.8738095238095
628.8915980064004,-2896.000908569169,147.41666666666666
629.429476404164,-2909.5890867377584,146.54761904761904
629.9673548019276,-2923.154061203977,146.13333333333333
630.5052331996912,-2936.6958913524395,145.1095238095238
631.043111597455,-2950.2146363652973,144.64523809523808
631.5809899952185,-2963.71035522308,144.13571428571427
632.1188683929822,-2977.18310670559,143.4738095238095
632.6567467907458,-2990.6329493927096,142.7047619047619
633.1946251885095,-3004.0599416652894,142.31666666666666
633.7325035862731,-3017.4641417059756,141.64523809523808
634.2703819840367,-3030.845607500052,140.9547619047619
634.8082603818004,-3044.204396836276,140.14285714285714
635.346138779564,-3057.540567307702,139.65238095238095
635.8840171773277,-3070.8541763125413,139.2095238095238
636.4218955750912,-3084.1452810549363,138.4547619047619
636.9597739728549,-3097.4139385458275,137.84047619047618
637.4976523706185,-3110.6602056037336,137.3452380952381
638.0355307683822,-3123.8841388555793,136.79285714285714
638.5734091661459,-3137.0857947375043,135.96904761904761
639.1112875639094,-3150.265229495648,135.33809523809524
639.6491659616731,-3163.4224991869814,134.9309523809524
640.1870443594366,-3176.55765968006,133.95
640.7249227572004,-3189.670766655856,133.32142857142856
641.262801154964,-3202.7618756085067,132.51190476190476
641.8006795527276,-3215.8310418461297,131.99523809523808
642.3385579504913,-3228.8783204915835,131.2642857142857
642.8764363482549,-3241.9037664832395,130.69761904761904
643.4143147460186,-3254.90743457578,130.3095238095238
643.9521931437821,-3267.8893793409206,129.6809523809524
644.4900715415458,-3280.8496551682256,128.8357142857143
645.0279499393095,-3293.7883162658163,127.89285714285714
645.5658283370731,-3306.705416661169,127.3
646.1037067348368,-3319.6010102018445,126.56666666666666
646.6415851326003,-3332.4751505562326,125.92142857142856
647.179463530364,-3345.3278912143214,125.07142857142857
647.7173419281276,-3358.1592854884075,124.34285714285714
648.2552203258913,-3370.9693865138615,123.84285714285714
648.7930987236549,-3383.7582472498325,122.96428571428571
649.3309771214185,-3396.525920480004,122.22142857142856
649.8688555191823,-3409.272458813308,121.4547619047619
650.4067339169458,-3421.997914684638,120.96904761904761
650.9446123147095,-3434.7023403555995,119.91904761904762
651.482490712473,-3447.385787915182,119.36666666666666
652.0203691102367,-3460.0483092805116,118.5095238095238
652.5582475080004,-3472.6899561975297,118.13333333333333
653.096125905764,-3485.3107802417126,117.17619047619047
653.6340043035277,-3497.9108328187776,116.3
654.1718827012912,-3510.4901651653545,115.20238095238095
654.709761099055,-3523.0488283497234,114.59285714285714
655.2476394968185,-3535.5868732724593,113.82857142857142
655.7855178945822,-3548.1043506671576,113.1952380952381
656.3233962923458,-3560.601311101089,112.31428571428572
656.8612746901094,-3573.0778049759047,111.5142857142857
657.3991530878732,-3585.533882528298,110.35
657.9370314856367,-3597.9695938306795,109.07619047619048
658.4749098834004,-3610.384988791866,108.32142857142857
659.0127882811639,-3622.7801171577157,107.44285714285714
659.5506666789277,-3635.15502851183,106.40714285714286
660.0885450766913,-3647.509772276182,105.38095238095238
660.6264234744549,-3659.844397711793,104.42142857142856
661.1643018722186,-3672.1589539193883,103.19285714285714
661.7021802699821,-3684.453489840029,101.91666666666666
662.2400586677459,-3696.728054255793,100.7
662.7779370655094,-3708.9826957903806,99.7
663.3158154632731,-3721.217462909801,98.79285714285714
663.8536938610367,-3733.432403922965,97.62619047619047
664.3915722588004,-3745.627566982359,96.48333333333333
664.9294506565641,-3757.8030000846593,95.14761904761905
665.4673290543276,-3769.9587510713554,94.01190476190476
666.0052074520913,-3782.094867629403,93.0142857142857
666.5430858498548,-3794.2113972918087,91.84523809523809
667.0809642476186,-3806.308387438299,90.67142857142856
667.6188426453822,-3818.3858852958874,89.55238095238094
668.1567210431458,-3830.4439379395244,88.33095238095238
668.6945994409094,-3842.4825922926957,87.18333333333332
669.232477838673,-3854.5018951280344,85.76666666666667
669.7703562364368,-3866.501893067927,85.08571428571427
670.3082346342003,-3878.482632585101,83.67142857142856
670.846113031964,-3890.4441600032587,82.42142857142856
671.3839914297276,-3902.3865214976377,80.98095238095237
671.9218698274913,-3914.309763095629,79.88571428571429
672.4597482252549,-3926.213930677357,78.68095238095238
672.9976266230185,-3938.0990699762733,77.4547619047619
673.5355050207822,-3949.9652265797413,76.07142857142857
674.0733834185457,-3961.8124459296105,74.9452380952381
674.6112618163095,-3973.640773322819,73.64285714285714
675.1491402140731,-3985.450253911942,72.36666666666666
675.6870186118367,-3997.2409327057885,71.17619047619047
676.2248970096003,-4009.012854569961,69.97619047619047
676.762775407364,-4020.7660642274313,68.59761904761905
677.3006538051277,-4032.5006062591056,67.6047619047619
677.8385322028912,-4044.216525104379,66.4047619047619
678.3764106006549,-4055.913865061715,65.4095238095238
678.9142889984186,-4067.592670289183,64.22857142857143
679.4521673961822,-4079.252984805031,62.959523809523816
679.9900457939458,-4090.894852488229,61.864285714285714
680.5279241917094,-4102.518317079022,61.076190476190476
681.0658025894732,-4114.123422179482,59.680952380952384
681.6036809872367,-4125.710211254036,58.714285714285715
682.1415593850004,-4137.278727630042,57.47380952380953
682.679437782764,-4148.829014498289,56.423809523809524
683.2173161805276,-4160.361114913569,55.18333333333334
683.7551945782913,-4171.875071795186,54.273809523809526
684.2930729760549,-4183.370927927508,53.00952380952381
684.8309513738186,-4194.848725960486,51.89761904761905
685.3688297715821,-4206.308508410179,50.859523809523814
685.9067081693458,-4217.7503176592945,49.92857142857143
686.4445865671095,-4229.17419595769,48.98571428571429
686.9824649648731,-4240.5801854229085,48.05238095238096
687.5203433626367,-4251.968328040692,46.959523809523816
688.0582217604003,-4263.338665665493,46.0
688.5961001581641,-4274.691240020995,44.79047619047619
689.1339785559276,-4286.026092700606,43.85
689.6718569536913,-4297.343265167998,42.997619047619054
690.2097353514549,-4308.642798757572,42.19761904761905
690.7476137492185,-4319.924734674996,40.94285714285714
691.2854921469822,-4331.189113997689,40.03809523809524
691.8233705447458,-4342.435977675321,38.85
692.3612489425095,-4353.665366530311,38.01428571428572
692.899127340273,-4364.877321258318,37.16666666666667
693.4370057380368,-4376.071882428747,36.32142857142858
693.9748841358004,-4387.249090485209,35.41428571428572
694.512762533564,-4398.4089857460385,34.423809523809524
695.0506409313276,-4409.551608404763,33.42619047619048
695.5885193290912,-4420.6769985305855,32.800000000000004
696.126397726855,-4431.785196068871,31.814285714285713
696.6642761246185,-4442.876240841615,31.004761904761903
697.2021545223822,-4453.950172547935,30.169047619047618
697.7400329201458,-4465.007030764522,29.814285714285713
698.2779113179095,-4476.046854946135,28.926190476190477
698.8157897156731,-4487.069684426055,28.035714285714285
699.3536681134367,-4498.075558416556,27.58095238095238
699.8915465112004,-4509.064516009375,27.04285714285714
700.4294249089639,-4520.036596176165,26.195238095238096
700.9673033067277,-4530.991837768968,25.504761904761903
701.5051817044913,-4541.930279520662,24.814285714285713
702.0430601022549,-4552.851960045422,24.297619047619047
702.5809385000185,-4563.756917839177,23.50952380952381
703.1188168977822,-4574.645191280062,22.926190476190477
703.6566952955459,-4585.516818628865,22.18095238095238
704.1945736933094,-4596.371838029469,21.67142857142857
704.7324520910731,-4607.210287509319,20.849999999999998
705.2703304888367,-4618.0322049798415,20.609523809523807
705.8082088866004,-4628.8376282369045,20.188095238095237
706.346087284364,-4639.626594961246,19.55
706.8839656821276,-4650.399142718921,18.995238095238093
707.4218440798913,-4661.155308961732,18.521428571428572
707.9597224776549,-4671.895131027655,18.211904761904762
708.4976008754186,-4682.618646141302,17.807142857142857
709.0354792731822,-4693.325891414304,17.35238095238095
709.5733576709458,-4704.016903845786,16.914285714285715
710.1112360687094,-4714.69172032276,16.635714285714286
710.6491144664731,-4725.350377620567,16.119047619047617
711.1869928642368,-4735.9929124032915,15.63095238095238
711.7248712620003,-4746.6193612241805,15.226190476190476
712.262749659764,-4757.229760526077,14.892857142857142
712.8006280575277,-4767.824146641811,14.278571428571428
713.3385064552913,-4778.402555794637,14.042857142857143
713.8763848530549,-4788.965024098636,13.542857142857143
714.4142632508185,-4799.511587559129,13.321428571428571
714.9521416485823,-4810.042282073087,12.992857142857142
715.4900200463458,-4820.557143429531,12.469047619047618
716.0278984441095,-4831.056207309955,12.002380952380951
716.5657768418731,-4841.539509288705,11.897619047619047
717.1036552396367,-4852.0070848334,11.773809523809524
717.6415336374004,-4862.458969305329,11.333333333333332
718.179412035164,-4872.895197959842,11.328571428571427
718.7172904329277,-4883.315805946755,11.209523809523809
719.2551688306912,-4893.720828310728,11.092857142857142
719.793047228455,-4904.1102999916875,10.842857142857142
720.3309256262186,-4914.484255825186,10.63095238095238
720.8688040239822,-4924.842730542809,10.514285714285714
721.4066824217458,-4935.185758772564,10.483333333333333
721.9445608195094,-4945.513375039258,10.245238095238095
722.4824392172732,-4955.825613764882,10.052380952380952
723.0203176150367,-4966.122509269,9.892857142857142
723.5581960128004,-4976.404095769129,9.661904761904761
724.096074410564,-4986.670407381103,9.388095238095238
724.6339528083276,-4996.9214781194805,9.36190476190476
725.1718312060913,-5007.157341897886,8.954761904761904
725.7097096038549,-5017.37803252941,8.6
726.2475880016186,-5027.58358372697,8.528571428571428
726.7854663993821,-5037.774029103672,8.459523809523809
727.3233447971459,-5047.949402173212,8.202380952380953
727.8612231949095,-5058.1097363501995,7.854761904761905
728.3991015926731,-5068.255064950559,7.497619047619048
728.9369799904367,-5078.385421191873,7.273809523809525
729.4748583882003,-5088.500838193759,7.219047619047619
730.0127367859641,-5098.601348978218,7.064285714285715
730.5506151837276,-5108.686986469997,6.692857142857143
731.0884935814913,-5118.75778349696,6.4071428571428575
731.6263719792549,-5128.8137727904195,6.473809523809524
732.1642503770186,-5138.854986985516,6.300000000000001
732.7021287747822,-5148.881458621554,6.107142857142858
733.2400071725458,-5158.893220142361,5.885714285714286
733.7778855703095,-5168.890303896638,5.6380952380952385
734.315763968073,-5178.8727421382955,5.688095238095238
734.8536423658368,-5188.840567026828,5.4261904761904765
735.3915207636004,-5198.793810627625,5.35952380952381
735.929399161364,-5208.732504912343,5.211904761904762
736.4672775591276,-5218.65668175923,5.214285714285714
737.0051559568913,-5228.566372953477,5.097619047619048
737.543034354655,-5238.4616101875545,4.902380952380953
738.0809127524185,-5248.342425061541,4.7
738.6187911501822,-5258.208849083479,4.661904761904762
739.1566695479459,-5268.060913669688,4.588095238095239
739.6945479457095,-5277.898650145111,4.666666666666667
740.2324263434731,-5287.722089743651,4.457142857142857
740.7703047412367,-5297.5312636084855,4.354761904761905
741.3081831390004,-5307.326202792412,4.219047619047619
741.846061536764,-5317.106938258157,4.135714285714286
742.3839399345277,-5326.87350087873,4.173809523809524
742.9218183322913,-5336.625921437715,4.090476190476191
743.4596967300549,-5346.364230629621,3.99047619047619
743.9975751278185,-5356.088459060189,3.9690476190476187
744.5354535255822,-5365.798637246722,3.9738095238095235
745.0733319233459,-5375.494795618399,3.8142857142857145
745.6112103211094,-5385.176964516584,3.6904761904761902
746.1490887188731,-5394.845174195167,3.6523809523809523
746.6869671166368,-5404.499454820852,3.7095238095238092
747.2248455144004,-5414.139836473489,3.5761904761904764
747.762723912164,-5423.766349146375,3.516666666666666
748.3006023099276,-5433.37902274658,3.314285714285714
748.8384807076914,-5442.977887095238,3.604761904761905
749.3763591054549,-5452.562971927862,3.4857142857142853
749.9142375032186,-5462.134306894668,3.314285714285714
750.4521159009822,-5471.6919215608505,3.138095238095238
750.9899942987458,-5481.235845406907,3.2666666666666666
751.5278726965095,-5490.766107828944,3.1809523809523808
752.0657510942731,-5500.282738138962,3.033333333333333
752.6036294920368,-5509.785765565173,2.8523809523809525
753.1415078898003,-5519.275219252282,2.973809523809524
753.6793862875641,-5528.751128261811,2.7547619047619047
754.2172646853277,-5538.213521572363,2.6023809523809525
754.7551430830913,-5547.662428079944,2.4642857142857144
755.2930214808549,-5557.097876598245,2.3595238095238096
755.8308998786185,-5566.519895858939,2.1333333333333333
756.3687782763823,-5575.92851451197,1.9309523809523808
756.9066566741458,-5585.323761125839,1.7999999999999998
757.4445350719095,-5594.705664187912,1.6238095238095238
757.982413469673,-5604.074252104674,1.5428571428571427
758.5202918674368,-5613.429553202057,1.388095238095238
759.0581702652004,-5622.771595725691,1.2095238095238097
759.596048662964,-5632.100407841206,1.0166666666666666
760.1339270607277,-5641.416017634514,1.0047619047619047
760.6718054584912,-5650.7184531120765,0.8785714285714287
761.209683856255,-5660.007742201216,0.9523809523809524
761.7475622540185,-5669.283912750354,0.9476190476190477
762.2854406517822,-5678.546992529329,0.880952380952381
762.8233190495458,-5687.797009229642,0.8404761904761905
763.3611974473095,-5697.033990464757,0.7357142857142857
763.8990758450732,-5706.25796377036,0.7071428571428572
764.4369542428367,-5715.468956604633,0.6738095238095237
764.9748326406004,-5724.666996348544,0.6357142857142858
765.5127110383639,-5733.852110306088,0.7000000000000001
766.0505894361277,-5743.024325704593,0.669047619047619
766.5884678338914,-5752.1836696949595,0.7238095238095238
767.1263462316549,-5761.330169351937,0.6476190476190476
767.6642246294186,-5770.4638516744035,0.7166666666666667
768.2021030271821,-5779.584743585607,0.6547619047619048
768.7399814249459,-5788.692871933463,0.6880952380952382
769.2778598227094,-5797.78826349078,0.6476190476190476
769.8157382204731,-5806.870944955554,0.6738095238095237
770.3536166182369,-5815.940942951209,0.6047619047619047
770.8914950160004,-5824.998284026862,0.6619047619047619
771.4293734137641,-5834.042994657599,0.6
771.9672518115276,-5843.075101244698,0.6071428571428571
772.5051302092913,-5852.094630115927,0.6190476190476192
773.0430086070548,-5861.101607525763,0.6261904761904763
773.5808870048186,-5870.096059655676,0.6761904761904763
774.1187654025821,-5879.0780126143545,0.6642857142857143
774.6566438003458,-5888.047492437992,0.6357142857142858
775.1945221981096,-5897.004525090504,0.6119047619047621
775.7324005958731,-5905.949136463798,0.561904761904762
776.2702789936368,-5914.881352378028,0.5142857142857143
776.8081573914003,-5923.801198581823,0.5071428571428572
777.346035789164,-5932.708700752555,0.5380952380952381
777.8839141869275,-5941.603884496566,0.5595238095238096
778.4217925846913,-5950.486775349438,0.5452380952380952
778.959670982455,-5959.35739877621,0.4714285714285714
779.4975493802185,-5968.215780171635,0.4119047619047619
780.0354277779822,-5977.06194486043,0.32619047619047625
780.5733061757458,-5985.8959180975,0.37857142857142867
781.1111845735095,-5994.717725068196,0.3500000000000001
781.649062971273,-6003.527390888536,0.3857142857142858
782.1869413690367,-6012.324940605462,0.24523809523809526
782.7248197668005,-6021.110399197061,0.21904761904761905
783.262698164564,-6029.883791572809,0.17619047619047623
783.8005765623277,-6038.645142573816,0.18095238095238098
784.3384549600912,-6047.394476973033,0.1261904761904762
784.876333357855,-6056.131819475526,0.15714285714285714
785.4142117556185,-6064.857194718659,0.12857142857142867
785.9520901533822,-6073.570627272376,0.080952380952381
786.4899685511459,-6082.272141639396,0.03809523809523818
787.0278469489094,-6090.961762255451,0.10476190476190483
787.5657253466732,-6099.639513489528,0.059523809523809534
788.1036037444367,-6108.305419644077,0.05238095238095242
788.6414821422004,-6116.959504955261,0.01904761904761909
789.1793605399639,-6125.60179359315,0.01904761904761909
789.7172389377276,-6134.232309661989,0.014285714285714346
790.2551173354914,-6142.851077200376,0.02857142857142858
790.7929957332549,-6151.458120181511,0.0
791.3308741310186,-6160.05346251343,0.0
791.8687525287821,-6168.63712803919,0.0
792.4066309265459,-6177.209140537128,0.0
792.9445093243094,-6185.769523721046,0.0
793.4823877220731,-6194.3183012404625,0.0
794.0202661198368,-6202.855496680804,0.0
794.5581445176003,-6211.381133563629,0.0
795.0960229153641,-6219.895235346863,0.0
795.6339013131276,-6228.397825424978,0.0
796.1717797108913,-6236.888927129243,0.0
796.7096581086548,-6245.36856372791,0.0
797.2475365064186,-6253.836758426445,0.0
797.7854149041823,-6262.293534367729,0.0
798.3232933019458,-6270.738914632264,0.0
798.8611716997095,-6279.172922238409,0.0
799.399050097473,-6287.595580142553,0.0
799.9369284952368,-6296.006911239356,0.0
800.4748068930003,-6304.406938361928,0.0
801.012685290764,-6312.795684282064,0.0
801.5505636885277,-6321.173171710423,0.0
802.0884420862913,-6329.539423296748,0.0
802.626320484055,-6337.894461630074,0.0
803.1641988818185,-6346.2383092389155,0.0
803.7020772795822,-6354.570988591486,0.0
804.2399556773457,-6362.892522095883,0.0
804.7778340751095,-6371.20293210031,0.0
805.3157124728732,-6379.502240893253,0.0
805.8535908706367,-6387.790470703689,0.0
806.3914692684004,-6396.067643701303,0.0
806.929347666164,-6404.333781996647,0.0
807.4672260639277,-6412.5889076413805,0.0
808.0051044616912,-6420.8330426284265,0.0
808.5429828594549,-6429.0662088922,0.0
809.0808612572187,-6437.288428308777,0.0
809.6187396549822,-6445.499722696102,0.0
810.1566180527459,-6453.700113814186,0.0
810.6944964505094,-6461.889623365276,0.0
811.2323748482731,-6470.068272994076,0.0
811.7702532460366,-6478.236084287913,0.0
812.3081316438004,-6486.393078776946,0.0
812.8460100415641,-6494.539277934335,0.0
813.3838884393276,-6502.674703176444,0.0
813.9217668370914,-6510.799375863036,0.0
814.4596452348549,-6518.913317297431,0.0
814.9975236326186,-6527.016548726726,0.0
815.5354020303821,-6535.109091341952,0.0
816.0732804281458,-6543.190966278287,0.0
816.6111588259096,-6551.2621946152085,0.0
817.1490372236731,-6559.322797376699,0.0
817.6869156214368,-6567.372795531428,0.0
818.2247940192003,-6575.412209992915,0.0
818.762672416964,-6583.441061619742,0.0
819.3005508147276,-6591.459371215695,0.0
819.8384292124913,-6599.467159529982,0.0
820.376307610255,-6607.464447257387,0.0
820.9141860080185,-6615.451255038448,0.0
821.4520644057823,-6623.427603459657,0.0
821.9899428035458,-6631.393513053608,0.0
822.5278212013095,-6639.349004299202,0.0
823.065699599073,-6647.294097621792,0.0
823.6035779968367,-6655.228813393387,0.0
824.1414563946005,-6663.153171932803,0.0
824.679334792364,-6671.067193505845,0.0
825.2172131901277,-6678.970898325497,0.0
825.7550915878912,-6686.864306552054,0.0
826.292969985655,-6694.74743829334,0.0
826.8308483834185,-6702.620313604835,0.0
827.3687267811822,-6710.482952489889,0.0
827.9066051789459,-6718.335374899847,0.0
828.4444835767094,-6726.177600734249,0.0
828.9823619744732,-6734.009649840995,0.0
829.5202403722367,-6741.831542016489,0.0
830.0581187700004,-6749.6432970058395,0.0
830.5959971677639,-6757.444934502999,0.0
831.1338755655277,-6765.236474150945,0.0
831.6717539632914,-6773.017935541831,0.0
832.2096323610549,-6780.789338217166,0.0
832.7475107588186,-6788.550701667971,0.0
833.2853891565821,-6796.3020453349345,0.0
833.8232675543459,-6804.043388608596,0.0
834.3611459521094,-6811.774750829476,0.0
834.8990243498731,-6819.496151288271,0.0
835.4369027476369,-6827.207609225989,0.0
835.9747811454004,-6834.909143834115,0.0
836.5126595431641,-6842.600774254788,0.0
837.0505379409276,-6850.282519580929,0.0
837.5884163386913,-6857.9543988564255,0.0
838.1262947364548,-6865.616431076271,0.0
838.6641731342186,-6873.268635186738,0.0
839.2020515319823,-6880.911030085515,0.0
839.7399299297458,-6888.543634621878,0.0
840.2778083275095,-6896.166467596844,0.0
840.815686725273,-6903.779547763308,0.0
841.3535651230368,-6911.382893826229,0.0
841.8914435208003,-6918.976524442742,0.0
842.429321918564,-6926.560458222355,0.0
842.9672003163278,-6934.134713727062,0.0
843.5050787140913,-6941.699309471516,0.0
844.042957111855,-6949.254263923183,0.0
844.5808355096185,-6956.799595502471,0.0
845.1187139073822,-6964.335322582907,0.0
845.6565923051458,-6971.861463491256,0.0
846.1944707029095,-6979.378036507704,0.0
846.7323491006732,-6986.885059865976,0.0
847.2702274984367,-6994.3825517534915,0.0
847.8081058962005,-7001.870530311531,0.0
848.345984293964,-7009.3490136353485,0.0
848.8838626917277,-7016.818019774351,0.0
849.4217410894912,-7024.277566732217,0.0071428571428572285
849.9596194872549,-7031.727672467057,0.0
850.4974978850187,-7039.16835489155,0.0
851.0353762827822,-7046.599631873089,0.0
851.5732546805459,-7054.021521233932,0.0
852.1111330783094,-7061.434040751326,0.0
852.6490114760732,-7068.837208157673,0.0
853.1868898738367,-7076.231041140643,0.0
853.7247682716004,-7083.615557343348,0.0
854.2626466693641,-7090.990774364451,0.0
854.8005250671276,-7098.35670975832,0.0
855.3384034648914,-7105.7133810351825,0.0
855.8762818626549,-7113.0608056612255,0.0
856.4141602604186,-7120.399001058777,0.0
856.9520386581821,-7127.72798460641,0.0
857.4899170559459,-7135.047773639102,0.0
858.0277954537096,-7142.358385448359,0.0
858.5656738514731,-7149.659837282348,0.0
859.1035522492368,-7156.9521463460605,0.0
859.6414306470003,-7164.235329801402,0.0
860.1793090447641,-7171.509404767376,0.0
860.7171874425276,-7178.774388320173,0.0
861.2550658402913,-7186.030297493342,0.0
861.792944238055,-7193.277149277899,0.0
862.3308226358185,-7200.51496062246,0.0
862.8687010335823,-7207.7437484334005,0.0
863.4065794313458,-7214.963529574947,0.0
863.9444578291095,-7222.174320869342,0.0
864.482336226873,-7229.37613909695,0.0
865.0202146246368,-7236.569000996411,0.0
865.5580930224005,-7243.75292326475,0.0
866.095971420164,-7250.92792255751,0.0
866.6338498179277,-7258.094015488896,0.0
867.1717282156912,-7265.251218631882,0.0
867.709606613455,-7272.399548518359,0.0
868.2474850112185,-7279.539021639239,0.0
868.7853634089822,-7286.669654444608,0.0
869.323241806746,-7293.79146334383,0.0
869.8611202045095,-7300.9044647056835,0.0
870.3989986022732,-7308.008674858491,0.0
870.9368770000367,-7315.104110090231,0.0
871.4747553978004,-7322.190786648678,0.0
872.0126337955639,-7329.268720741509,0.0
872.5505121933277,-7336.337928536448,0.0
873.0883905910914,-7343.398426161366,0.0
873.6262689888549,-7350.450229704418,0.0
874.1641473866187,-7357.493355214172,0.0
874.7020257843822,-7364.5278186997075,0.0
875.2399041821459,-7371.553636130762,0.0
875.7777825799094,-7378.570823437831,0.0
876.3156609776731,-7385.579396512307,0.0
876.8535393754369,-7392.579371206581,0.0
877.3914177732004,-7399.570763334175,0.0
877.9292961709641,-7406.553588669862,0.0
878.4671745687276,-7413.527862949772,0.0
879.0050529664913,-7420.493601871523,0.0
879.5429313642549,-7427.450821094333,0.0
880.0808097620186,-7434.39953623914,0.0
880.6186881597823,-7441.339762888714,0.0
881.1565665575458,-7448.271516587773,0.0
881.6944449553096,-7455.194812843114,0.0
882.2323233530731,-7462.109667123708,0.0
882.7702017508368,-7469.01609486083,0.0
883.3080801486003,-7475.914111448161,0.0
883.845958546364,-7482.80373224192,0.0
884.3838369441278,-7489.684972560961,0.0
884.9217153418913,-7496.557847686889,0.0
885.459593739655,-7503.422372864192,0.0
885.9974721374185,-7510.2785633003205,0.0
886.5353505351823,-7517.126434165835,0.0
887.0732289329458,-7523.96600059449,0.0
887.6111073307095,-7530.797277683363,0.0
888.1489857284732,-7537.620280492956,0.0
888.6868641262367,-7544.435024047307,0.0
889.2247425240005,-7551.241523334113,0.0
889.762620921764,-7558.039793304815,0.0
890.3004993195277,-7564.829848874737,0.0
890.8383777172912,-7571.611704923167,0.0
891.376256115055,-7578.385376293492,0.0
891.9141345128187,-7585.150877793281,0.0
892.4520129105822,-7591.908224194409,0.0
892.9898913083459,-7598.657430233165,0.0
893.5277697061094,-7605.398510610348,0.0
894.0656481038732,-7612.131479991391,0.0
894.6035265016367,-7618.85635300644,0.0
895.1414048994004,-7625.573144250495,0.0
895.6792832971639,-7632.281868283482,0.0
896.2171616949277,-7638.982539630386,0.0
896.7550400926914,-7645.675172781335,0.0
897.2929184904549,-7652.359782191714,0.0
897.8307968882186,-7659.036382282271,0.0
898.3686752859821,-7665.704987439214,0.0
898.9065536837459,-7672.365612014322,0.0
899.4444320815094,-7679.018270325041,0.0
899.9823104792731,-7685.662976654592,0.009523809523809601
900.5201888770368,-7692.299745252067,0.0
901.0580672748004,-7698.928590332534,0.0
901.5959456725641,-7705.549526077146,0.0
902.1338240703276,-7712.162566633226,0.0
902.6717024680913,-7718.767726114385,0.0
903.2095808658548,-7725.365018600609,0.0
903.7474592636186,-7731.954458138369,0.0
904.2853376613823,-7738.53605874071,0.0
904.8232160591458,-7745.109834387358,0.0
905.3610944569095,-7751.675799024826,0.0
905.898972854673,-7758.233966566488,0.0
906.4368512524368,-7764.784350892709,0.004761904761904856
906.9747296502003,-7771.326965850916,0.0
907.512608047964,-7777.861825255715,0.0
908.0504864457278,-7784.388942888974,0.0
908.5883648434913,-7790.908332499928,0.0
909.126243241255,-7797.4200078052745,0.0
909.6641216390185,-7803.923982489265,0.0
910.2020000367822,-7810.420270203813,0.0
910.7398784345457,-7816.908884568567,0.0
911.2777568323095,-7823.389839171035,0.0
911.8156352300732,-7829.863147566655,0.0
912.3535136278367,-7836.328823278896,0.0
912.8913920256005,-7842.786879799367,0.0
913.429270423364,-7849.237330587881,0.0
913.9671488211277,-7855.680189072586,0.0
914.5050272188912,-7862.115468650018,0.0
915.0429056166549,-7868.543182685231,0.0
915.5807840144187,-7874.963344511865,0.0
916.1186624121822,-7881.375967432243,0.0
916.6565408099459,-7887.781064717474,0.0
917.1944192077094,-7894.178649607524,0.0
917.7322976054731,-7900.568735311335,0.0
918.2701760032367,-7906.951335006888,0.0
918.8080544010004,-7913.326461841312,0.0
919.3459327987641,-7919.694128930965,0.0
919.8838111965276,-7926.054349361528,0.0
920.4216895942914,-7932.407136188098,0.0
920.9595679920549,-7938.7525024352635,0.0
921.4974463898186,-7945.0904610972175,0.0
922.0353247875821,-7951.421025137815,0.0
922.5732031853458,-7957.744207490694,0.0
923.1110815831096,-7964.060021059337,0.0
923.6489599808731,-7970.3684787171715,0.0
924.1868383786368,-7976.669593307663,0.0
924.7247167764003,-7982.9633776443825,0.0
925.2625951741641,-7989.249844511118,0.0
925.8004735719276,-7995.529006661938,0.0
926.3383519696913,-8001.8008768212985,0.0
926.876230367455,-8008.065467684111,0.0
927.4141087652185,-8014.322791915834,0.0
927.9519871629823,-8020.572862152572,0.0
928.4898655607458,-8026.815691001137,0.0
929.0277439585095,-8033.0512910391535,0.0
929.565622356273,-8039.279674815125,0.0
930.1035007540368,-8045.500854848542,0.0
930.6413791518005,-8051.714843629941,0.0
931.179257549564,-8057.921653620995,0.0
931.7171359473277,-8064.121297254616,0.0
932.2550143450912,-8070.313786935007,0.0
932.792892742855,-8076.499135037771,0.0
933.3307711406185,-8082.677353909976,0.0
933.8686495383822,-8088.848455870248,0.0
934.406527936146,-8095.0124532088485,0.0
934.9444063339095,-8101.169358187752,0.0
935.4822847316732,-8107.319183040738,0.0
936.0201631294367,-8113.46193997346,0.0
936.5580415272004,-8119.59764116354,0.0
937.0959199249639,-8125.726298760628,0.0
937.6337983227277,-8131.84792488651,0.0
938.1716767204914,-8137.962531635163,0.0
938.7095551182549,-8144.070131072844,0.0
939.2474335160186,-8150.170735238182,0.0
939.7853119137822,-8156.2643561422265,0.0
940.3231903115459,-8162.351005768565,0.0
940.8610687093094,-8168.430696073367,0.0
941.3989471070731,-8174.503438985483,0.0
941.9368255048369,-8180.569246406514,0.0
942.4747039026004,-8186.628130210893,0.0
943.0125823003641,-8192.680102245962,0.0
943.5504606981276,-8198.725174332047,0.0
944.0883390958913,-8204.763358262535,0.0
944.6262174936548,-8210.794665803955,0.0
945.1640958914186,-8216.819108696049,0.0
945.7019742891823,-8222.836698651854,0.0
946.2398526869458,-8228.847447357766,0.0
946.7777310847096,-8234.851366473635,0.0
947.3156094824731,-8240.848467632823,0.0
947.8534878802368,-8246.838762442287,0.0
948.3913662780003,-8252.822262482652,0.0
948.929244675764,-8258.798979308289,0.0
949.4671230735278,-8264.768924447384,0.0
950.0050014712913,-8270.732109402012,0.0
950.542879869055,-8276.688545648221,0.0
951.0807582668185,-8282.63824463609,0.0
951.6186366645823,-8288.581217789819,0.0
952.1565150623458,-8294.51747650778,0.0
952.6943934601095,-8300.447032162625,0.0
953.2322718578732,-8306.369896101316,0.0
953.7701502556367,-8312.286079645228,0.0
954.3080286534005,-8318.195594090213,0.0
954.845907051164,-8324.098450706666,0.0
955.3837854489277,-8329.994660739607,0.0
955.9216638466912,-8335.884235408737,0.0
956.459542244455,-8341.767185908533,0.0
956.9974206422187,-8347.643523408291,0.0
957.5352990399822,-8353.513259052215,0.0
958.0731774377459,-8359.376403959488,0.0
958.6110558355094,-8365.23296922433,0.0
959.1489342332732,-8371.082965916079,0.0
959.6868126310367,-8376.926405079252,0.0
960.2246910288004,-8382.763297733629,0.0
960.7625694265641,-8388.593654874303,0.0
961.3004478243276,-8394.417487471761,0.0
961.8383262220914,-8400.234806471954,0.0
962.3762046198549,-8406.045622796353,0.0
962.9140830176186,-8411.849947342042,0.0
963.4519614153821,-8417.647790981753,0.0
963.9898398131459,-8423.439164563964,0.0
964.5277182109096,-8429.224078912946,0.0
965.0655966086731,-8435.002544828843,0.0
965.6034750064368,-8440.774573087734,0.0
966.1413534042003,-8446.540174441698,0.0
966.6792318019641,-8452.299359618886,0.0
967.2171101997276,-8458.052139323583,0.0
967.7549885974913,-8463.798524236281,0.0
968.292866995255,-8469.538525013735,0.0
968.8307453930186,-8475.272152289032,0.0
969.3686237907823,-8480.999416671668,0.0
969.9065021885458,-8486.720328747593,0.0
970.4443805863095,-8492.4348990793,0.0
970.982258984073,-8498.143138205867,0.0
971.5201373818368,-8503.845056643038,0.0
972.0580157796005,-8509.540664883281,0.0
972.595894177364,-8515.22997339585,0.0
973.1337725751278,-8520.912992626856,0.0
973.6716509728913,-8526.589732999324,0.0
974.209529370655,-8532.260204913267,0.0
974.7474077684185,-8537.924418745733,0.0
975.2852861661822,-8543.582384850886,0.0
975.823164563946,-8549.234113560058,0.0
976.3610429617095,-8554.87961518181,0.0
976.8989213594732,-8560.51890000201,0.0
977.4367997572367,-8566.15197828387,0.0
977.9746781550004,-8571.778860268041,0.0
978.512556552764,-8577.399556172644,0.0
979.0504349505277,-8583.014076193353,0.0
979.5883133482914,-8588.622430503441,0.0
980.1261917460549,-8594.224629253855,0.0
980.6640701438187,-8599.820682573272,0.0
981.2019485415822,-8605.410600568155,0.0
981.7398269393459,-8610.994393322824,0.0
982.2777053371094,-8616.572070899503,0.0
982.8155837348731,-8622.1436433384,0.0
983.3534621326369,-8627.709120657746,0.0
983.8913405304004,-8633.268512853863,0.0
984.4292189281641,-8638.821829901239,0.0
984.9670973259276,-8644.369081752558,0.0
985.5049757236914,-8649.910278338792,0.0
986.0428541214549,-8655.445429569225,0.0
986.5807325192186,-8660.97454533155,0.0
987.1186109169823,-8666.497635491898,0.0
987.6564893147458,-8672.014709894906,0.0
988.1943677125096,-8677.525778363784,0.0
988.7322461102731,-8683.030850700363,0.0
989.2701245080368,-8688.529936685158,0.0
989.8080029058003,-8694.02304607742,0.0
990.345881303564,-8699.510188615204,0.0
990.8837597013278,-8704.991374015419,0.0
991.4216380990913,-8710.466611973883,0.0
991.959516496855,-8715.935912165389,0.0
992.4973948946185,-8721.399284243755,0.0
993.0352732923823,-8726.856737841885,0.0
993.5731516901458,-8732.308282571817,0.0
994.1110300879095,-8737.7539280248,0.0
994.6489084856732,-8743.193683771322,0.0
995.1867868834368,-8748.627559361184,0.0
995.7246652812005,-8754.05556432356,0.0
996.262543678964,-8759.477708167033,0.0
996.8004220767277,-8764.894000379672,0.0
997.3383004744912,-8770.304450429072,0.0
997.876178872255,-8775.709067762422,0.0
998.4140572700187,-8781.107861806544,0.0
998.9519356677822,-8786.500841967962,0.0
999.4898140655459,-8791.888017632951,0.0
1000.0276924633094,-8797.26939816759,0.0
1000.5655708610732,-8802.644992917822,0.0
1001.1034492588367,-8808.014811209498,0.0
1001.6413276566004,-8813.378862348447,0.0
1002.1792060543642,-8818.737155620509,0.0
1002.7170844521277,-8824.089700291603,0.0
1003.2549628498914,-8829.436505607782,0.0
1003.7928412476549,-8834.777580795277,0.0
1004.3307196454186,-8840.112935060553,0.0
1004.8685980431821,-8845.442577590366,0.0
1005.4064764409459,-8850.766517551812,0.0
1005.9443548387096,-8856.08476409238,0.0
1006.4822332364731,-8861.397326340002,0.0
1007.0201116342369,-8866.704213403116,0.0
1007.5579900320004,-8872.0054343707,0.0
1008.0958684297641,-8877.300998312341,0.0
1008.6337468275276,-8882.590914278278,0.0
1009.1716252252913,-8887.875191299458,0.0
1009.7095036230551,-8893.153838387578,0.0
1010.2473820208186,-8898.426864535142,0.0
1010.7852604185823,-8903.694278715528,0.0
1011.3231388163458,-8908.956089883004,0.0
1011.8610172141096,-8914.212306972813,0.0
1012.3988956118731,-8919.4629389012,0.0
1012.9367740096368,-8924.70799456548,0.0
1013.4746524074005,-8929.947482844074,0.0
1014.012530805164,-8935.181412596563,0.0
1014.5504092029278,-8940.409792663748,0.0
1015.0882876006913,-8945.632631867682,0.0
1015.626165998455,-8950.849939011738,0.0
1016.1640443962185,-8956.061722880642,0.0
1016.7019227939822,-8961.267992240539,0.0
1017.2398011917458,-8966.468755839023,0.0
1017.7776795895095,-8971.664022405204,0.0
1018.3155579872732,-8976.853800649746,0.0
1018.8534363850367,-8982.038099264915,0.0
1019.3913147828005,-8987.21692692464,0.0
1019.929193180564,-8992.390292284545,0.0
1020.4670715783277,-8997.558203982007,0.0
1021.0049499760912,-9002.720670636203,0.0
1021.542828373855,-9007.87770084816,0.0
1022.0807067716187,-9013.029303200788,0.0
1022.6185851693822,-9018.175486258951,0.0
1023.1564635671459,-9023.3162585695,0.0
1023.6943419649094,-9028.451628661318,0.0
1024.2322203626732,-9033.58160504538,0.0
1024.7700987604367,-9038.70619621478,0.0
1025.3079771582004,-9043.825410644808,0.0
1025.8458555559641,-9048.93925679296,0.0
1026.3837339537276,-9054.047743099014,0.0
1026.9216123514914,-9059.150877985066,0.0
1027.4594907492549,-9064.24866985557,0.0
1027.9973691470186,-9069.341127097397,0.0
1028.5352475447821,-9074.428258079868,0.0
1029.0731259425459,-9079.510071154813,0.0
1029.6110043403096,-9084.586574656601,0.0
1030.148882738073,-9089.6577769022,0.0
1030.6867611358368,-9094.723686191217,0.0
1031.2246395336003,-9099.78431080594,0.0
1031.762517931364,-9104.83965901139,0.0
1032.3003963291276,-9109.889739055356,0.0
1032.8382747268913,-9114.934559168452,0.0
1033.376153124655,-9119.974127564155,0.0
1033.9140315224186,-9125.008452438844,0.0
1034.4519099201823,-9130.03754197186,0.0
1034.9897883179458,-9135.061404325532,0.0
1035.5276667157095,-9140.080047645239,0.0
1036.065545113473,-9145.093480059437,0.0
1036.6034235112368,-9150.101709679717,0.0
1037.1413019090005,-9155.104744600838,0.0
1037.679180306764,-9160.102592900777,0.0
1038.2170587045277,-9165.095262640778,0.0
1038.7549371022913,-9170.082761865375,0.0
1039.292815500055,-9175.065098602458,0.0
1039.8306938978185,-9180.042280863303,0.0
1040.3685722955822,-9185.01431664262,0.0
1040.906450693346,-9189.981213918596,0.0
1041.4443290911095,-9194.942980652928,0.0
1041.9822074888732,-9199.899624790884,0.0
1042.5200858866367,-9204.851154261325,0.0
1043.0579642844004,-9209.797576976767,0.0
1043.595842682164,-9214.738900833403,0.0
1044.1337210799277,-9219.675133711165,0.0
1044.6715994776914,-9224.606283473751,0.0
1045.209477875455,-9229.532357968668,0.0
1045.7473562732187,-9234.453365027288,0.0
1046.2852346709822,-9239.369312464869,0.0
1046.823113068746,-9244.280208080614,0.0
1047.3609914665094,-9249.186059657699,0.0
1047.8988698642731,-9254.086874963325,0.0
1048.4367482620369,-9258.982661748749,0.0
1048.9746266598004,-9263.873427749331,0.0
1049.512505057564,-9268.759180684578,0.0
1050.0503834553276,-9273.63992825817,0.0
1050.5882618530914,-9278.515678158023,0.0
1051.1261402508549,-9283.386438056306,0.0
1051.6640186486186,-9288.252215609502,0.0
1052.2018970463823,-9293.113018458427,0.0
1052.7397754441458,-9297.96885422829,0.0
1053.2776538419096,-9302.819730528723,0.0
1053.815532239673,-9307.665654953815,0.0
1054.3534106374368,-9312.50663508217,0.0
1054.8912890352003,-9317.342678476925,0.0
1055.429167432964,-9322.173792685804,0.0
1055.9670458307278,-9326.999985241153,0.0
1056.5049242284913,-9331.821263659973,0.0
1057.042802626255,-9336.637635443976,0.0
1057.5806810240185,-9341.4491080796,0.0
1058.1185594217823,-9346.25568903807,0.0
1058.6564378195458,-9351.05738577542,0.0
1059.1943162173095,-9355.85420573255,0.0
1059.7321946150732,-9360.64615633524,0.0
1060.2700730128367,-9365.433244994207,0.0
1060.8079514106005,-9370.215479105142,0.0
1061.345829808364,-9374.992866048733,0.0
1061.8837082061277,-9379.765413190727,0.0
1062.4215866038912,-9384.533127881945,0.0
1062.959465001655,-9389.296017458333,0.0
1063.4973433994187,-9394.054089240997,0.0
1064.0352217971822,-9398.807350536234,0.0
1064.573100194946,-9403.555808635583,0.0
1065.1109785927094,-9408.299470815848,0.0
1065.6488569904732,-9413.038344339142,0.0
1066.1867353882367,-9417.772436452926,0.0
1066.7246137860004,-9422.501754390045,0.0
1067.2624921837642,-9427.226305368757,0.0
1067.8003705815277,-9431.946096592777,0.0
1068.3382489792914,-9436.66113525132,0.0
1068.876127377055,-9441.37142851912,0.0
1069.4140057748186,-9446.076983556484,0.0
1069.9518841725821,-9450.777807509316,0.0
1070.4897625703459,-9455.473907509162,0.0
1071.0276409681096,-9460.16529067324,0.0
1071.5655193658731,-9464.851964104471,0.0
1072.1033977636368,-9469.533934891537,0.0
1072.6412761614004,-9474.211210108886,0.0
1073.179154559164,-9478.883796816795,0.0
1073.7170329569276,-9483.551702061384,0.0
1074.2549113546913,-9488.21493287467,0.0
1074.792789752455,-9492.873496274584,0.0
1075.3306681502186,-9497.527399265024,0.0
1075.8685465479823,-9502.176648835877,0.0
1076.4064249457458,-9506.821251963058,0.0
1076.9443033435095,-9511.46121560855,0.0
1077.482181741273,-9516.09654672043,0.0
1078.0200601390368,-9520.727252232911,0.0
1078.5579385368005,-9525.35333906637,0.0
1079.095816934564,-9529.97481412739,0.0
1079.6336953323278,-9534.59168430879,0.0
1080.1715737300913,-9539.203956489657,0.0
1080.709452127855,-9543.811637535384,0.0
1081.2473305256185,-9548.414734297703,0.0
1081.7852089233822,-9553.013253614721,0.0
1082.323087321146,-9557.60720231095,0.0
1082.8609657189095,-9562.196587197337,0.0
1083.3988441166732,-9566.781415071317,0.0
1083.9367225144367,-9571.361692716817,0.0
1084.4746009122005,-9575.937426904318,0.0
1085.012479309964,-9580.508624390866,0.0
1085.5503577077277,-9585.075291920124,0.0
1086.0882361054914,-9589.637436222387,0.0
1086.626114503255,-9594.195064014628,0.0
1087.1639929010187,-9598.748182000529,0.0
1087.7018712987822,-9603.296796870505,0.0
1088.239749696546,-9607.840915301756,0.0
1088.7776280943094,-9612.380543958276,0.0
1089.3155064920732,-9616.915689490901,0.0
1089.853384889837,-9621.446358537336,0.0
1090.3912632876004,-9625.97255772219,0.0
1090.9291416853641,-9630.494293657011,0.0
1091.4670200831276,-9635.011572940304,0.0
1092.0048984808914,-9639.524402157585,0.0
1092.5427768786549,-9644.032787881391,0.0
1093.0806552764186,-9648.536736671333,0.0
1093.6185336741823,-9653.036255074105,0.0
1094.1564120719459,-9657.531349623538,0.0
1094.6942904697096,-9662.022026840616,0.0
1095.232168867473,-9666.508293233512,0.0
1095.7700472652368,-9670.990155297628,0.0
1096.3079256630003,-9675.467619515608,0.0
1096.845804060764,-9679.94069235739,0.0
1097.3836824585278,-9684.40938028022,0.0
1097.9215608562913,-9688.87368972869,0.0
1098.459439254055,-9693.333627134778,0.0
1098.9973176518185,-9697.78919891786,0.0
1099.5351960495823,-9702.240411484758,0.0
1100.0730744473458,-9706.687271229755,0.0
1100.6109528451095,-9711.129784534647,0.0
1101.1488312428733,-9715.56795776875,0.0
1101.6867096406368,-9720.001797288942,0.0
1102.2245880384005,-9724.4313094397,0.0
1102.762466436164,-9728.856500553113,0.0
1103.3003448339277,-9733.277376948932,0.0
1103.8382232316912,-9737.693944934583,0.0
1104.376101629455,-9742.106210805205,0.0
1104.9139800272187,-9746.514180843682,0.0
1105.4518584249822,-9750.917861320666,0.0
1105.989736822746,-9755.317258494613,0.0
1106.5276152205095,-9759.71237861181,0.0
1107.0654936182732,-9764.103227906404,0.0
1107.6033720160367,-9768.48981260043,0.0
1108.1412504138004,-9772.872138903851,0.0
1108.6791288115642,-9777.25021301457,0.0
1109.2170072093277,-9781.624041118466,0.0
1109.7548856070914,-9785.993629389439,0.0
1110.292764004855,-9790.358983989408,0.0
1110.8306424026187,-9794.720111068373,0.0
1111.3685208003822,-9799.077016764417,0.0
1111.906399198146,-9803.429707203753,0.0
1112.4442775959096,-9807.77818850074,0.0
1112.9821559936731,-9812.122466757919,0.0
1113.5200343914369,-9816.462548066043,0.0
1114.0579127892004,-9820.7984385041,0.0
1114.595791186964,-9825.130144139343,0.0
1115.1336695847276,-9829.457671027318,0.0
1115.6715479824913,-9833.7810252119,0.0
1116.209426380255,-9838.100212725303,0.0
1116.7473047780186,-9842.415239588128,0.0
1117.2851831757823,-9846.726111809383,0.0
1117.8230615735458,-9851.032835386502,0.0
1118.3609399713096,-9855.33541630539,0.0
1118.898818369073,-9859.633860540436,0.0
1119.4366967668368,-9863.92817405455,0.0
1119.9745751646005,-9868.218362799187,0.0
1120.512453562364,-9872.504432714368,0.0
1121.0503319601278,-9876.786389728724,0.0
1121.5882103578913,-9881.064239759504,0.0
1122.126088755655,-9885.337988712621,0.0
1122.6639671534185,-9889.607642482659,0.0
1123.2018455511823,-9893.873206952921,0.0
1123.739723948946,-9898.134687995438,0.0
1124.2776023467095,-9902.392091471009,0.0
1124.8154807444732,-9906.64542322922,0.0
1125.3533591422367,-9910.89468910847,0.0
1125.8912375400005,-9915.139894936014,0.0
1126.429115937764,-9919.381046527958,0.0
1126.9669943355277,-9923.618149689322,0.0
1127.5048727332914,-9927.85121021404,0.0
1128.042751131055,-9932.08023388499,0.0
1128.5806295288187,-9936.305226474038,0.0
1129.1185079265822,-9940.526193742044,0.0
1129.656386324346,-9944.7431414389,0.0
1130.1942647221094,-9948.956075303544,0.0
1130.7321431198732,-9953.165001064006,0.0
1131.270021517637,-9957.369924437415,0.0
1131.8078999154004,-9961.57085113003,0.0
1132.3457783131641,-9965.767786837276,0.0
1132.8836567109277,-9969.960737243751,0.0
1133.4215351086914,-9974.149708023271,0.0
1133.959413506455,-9978.334704838884,0.0
1134.4972919042186,-9982.515733342896,0.0
1135.0351703019824,-9986.692799176904,0.0
1135.5730486997459,-9990.865907971807,0.0
1136.1109270975096,-9995.035065347853,0.0
1136.648805495273,-9999.200276914638,0.014285714285714346
1137.1866838930368,-10003.36154827116,0.014285714285714346
1137.7245622908003,-10007.518885005813,0.08571428571428574
1138.262440688564,-10011.672292696441,0.08809523809523812
1138.8003190863278,-10015.821776910343,0.09761904761904772
1139.3381974840913,-10019.967343204306,0.059523809523809534
1139.876075881855,-10024.108997124627,0.21190476190476193
1140.4139542796186,-10028.246744207145,0.27380952380952384
1140.9518326773823,-10032.380589977256,0.2690476190476191
1141.4897110751458,-10036.510539949937,0.2523809523809525
1142.0275894729095,-10040.636599629786,0.3214285714285715
1142.565467870673,-10044.758774511025,0.34523809523809523
1143.1033462684368,-10048.877070077544,0.3642857142857143
1143.6412246662005,-10052.991491802906,0.43571428571428583
1144.179103063964,-10057.102045150392,0.4452380952380953
1144.7169814617278,-10061.208735573007,0.4738095238095238
1145.2548598594913,-10065.311568513514,0.5023809523809525
1145.792738257255,-10069.410549404462,0.5500000000000002
1146.3306166550185,-10073.50568366819,0.5833333333333334
1146.8684950527822,-10077.59697671688,0.580952380952381
1147.406373450546,-10081.684433952556,0.5857142857142857
1147.9442518483095,-10085.76806076712,0.5595238095238096
1148.4821302460732,-10089.847862542372,0.5047619047619049
1149.0200086438367,-10093.923844650035,0.6238095238095239
1149.5578870416005,-10097.996012451784,0.6071428571428571
1150.095765439364,-10102.064371299253,0.5571428571428573
1150.6336438371277,-10106.12892653408,0.6119047619047621
1151.1715222348914,-10110.189683487912,0.6071428571428571
1151.709400632655,-10114.246647482438,0.6261904761904763
1152.2472790304187,-10118.299823829411,0.5333333333333333
1152.7851574281822,-10122.34921783067,0.6666666666666666
1153.323035825946,-10126.394834778166,0.7095238095238096
1153.8609142237094,-10130.436679953977,0.7547619047619049
1154.3987926214731,-10134.47475863034,0.6809523809523811
1154.9366710192369,-10138.509076069673,0.7214285714285714
1155.4745494170004,-10142.539637524587,0.7452380952380954
1156.0124278147641,-10146.566448237929,0.7476190476190477
1156.5503062125276,-10150.58951344278,0.780952380952381
1157.0881846102914,-10154.6088383625,0.8595238095238095
1157.6260630080549,-10158.624428210736,0.8785714285714287
1158.1639414058186,-10162.636288191454,0.9642857142857143
1158.7018198035823,-10166.644423498954,1.045238095238095
1159.2396982013458,-10170.648839317892,1.0333333333333332
1159.7775765991096,-10174.649540823315,1.269047619047619
1160.315454996873,-10178.646533180667,1.4214285714285713
1160.8533333946368,-10182.639821545821,1.4404761904761902
1161.3912117924003,-10186.629411065098,1.5214285714285714
1161.929090190164,-10190.61530687529,1.6976190476190474
1162.4669685879278,-10194.597514103682,1.702380952380952
1163.0048469856913,-10198.576037868072,1.5476190476190474
1163.542725383455,-10202.550883276797,1.6595238095238094
1164.0806037812185,-10206.52205542875,1.776190476190476
1164.6184821789823,-10210.489559413409,1.961904761904762
1165.1563605767458,-10214.453400310846,1.9666666666666668
1165.6942389745095,-10218.413583191767,2.057142857142857
1166.2321173722733,-10222.370113117515,2.1214285714285714
1166.7699957700368,-10226.3229951401,2.25
1167.3078741678005,-10230.27223430223,2.1619047619047618
1167.845752565564,-10234.217835637312,2.2404761904761905
1168.3836309633277,-10238.15980416949,2.3785714285714286
1168.9215093610912,-10242.098144913656,2.5166666666666666
1169.459387758855,-10246.032862875481,2.55
1169.9972661566187,-10249.963963051432,2.7261904761904763
1170.5351445543822,-10253.891450428782,2.7333333333333334
1171.073022952146,-10257.815329985655,2.6547619047619047
1171.6109013499095,-10261.735606691022,2.480952380952381
1172.1487797476732,-10265.65228550474,2.7738095238095237
1172.6866581454367,-10269.565371377563,2.8119047619047617
1173.2245365432004,-10273.474869251171,2.945238095238095
1173.7624149409642,-10277.38078405818,2.807142857142857
1174.3002933387277,-10281.283120722168,2.9309523809523808
1174.8381717364914,-10285.181884157702,3.071428571428571
1175.376050134255,-10289.07707927035,2.8857142857142857
1175.9139285320186,-10292.968710956704,2.9785714285714286
1176.4518069297822,-10296.8567841044,3.0785714285714283
1176.9896853275459,-10300.741303592145,3.1404761904761904
1177.5275637253096,-10304.622274289726,2.988095238095238
1178.0654421230731,-10308.499701058035,3.138095238095238
1178.6033205208369,-10312.3735887491,3.0619047619047617
1179.1411989186004,-10316.243942206085,3.3523809523809525
1179.679077316364,-10320.110766263328,3.216666666666667
1180.2169557141276,-10323.974065746348,3.1142857142857143
1180.7548341118913,-10327.83384547188,3.3333333333333335
1181.292712509655,-10331.690110247877,3.3380952380952382
1181.8305909074186,-10335.542864873545,3.007142857142857
1182.3684693051823,-10339.392114139355,3.1809523809523808
1182.9063477029458,-10343.237862827062,3.2785714285714285
1183.4442261007096,-10347.080115709738,3.419047619047619
1183.982104498473,-10350.918877551765,3.5642857142857145
1184.5199828962368,-10354.754153108888,3.2904761904761903
1185.0578612940005,-10358.58594712821,3.4690476190476187
1185.595739691764,-10362.414264348214,3.307142857142857
1186.1336180895278,-10366.239109498798,3.5380952380952384
1186.6714964872913,-10370.060487301276,3.380952380952381
1187.209374885055,-10373.878402468417,3.4595238095238092
1187.7472532828185,-10377.692859704437,3.5571428571428574
1188.2851316805823,-10381.503863705051,3.604761904761905
1188.823010078346,-10385.311419157466,3.6142857142857143
1189.3608884761095,-10389.115530740408,3.516666666666666
1189.8987668738732,-10392.916203124152,3.5452380952380955
1190.4366452716367,-10396.713440970525,3.6999999999999997
1190.9745236694005,-10400.50724893294,3.6
1191.512402067164,-10404.297631656395,3.611904761904762
1192.0502804649277,-10408.084593777518,3.6666666666666665
1192.5881588626914,-10411.868139924562,3.778571428571429
1193.126037260455,-10415.648274717438,3.778571428571429
1193.6639156582187,-10419.425002767732,3.8452380952380953
1194.2017940559822,-10423.198328678718,3.785714285714286
1194.739672453746,-10426.968257045382,3.892857142857143
1195.2775508515094,-10430.734792454437,3.835714285714286
1195.8154292492732,-10434.49793948435,3.9214285714285713
1196.353307647037,-10438.257702705347,3.842857142857143
1196.8911860448004,-10442.014086679435,3.957142857142857
1197.4290644425641,-10445.76709596044,3.764285714285714
1197.9669428403276,-10449.516735093992,3.9023809523809523
1198.5048212380914,-10453.263008617574,3.8642857142857143
1199.042699635855,-10457.005921060516,3.9023809523809523
1199.5805780336186,-10460.745476944036,3.9428571428571426
1200.1184564313824,-10464.481680781235,4.0357142857142865
1200.6563348291459,-10468.214537077134,4.152380952380953
1201.1942132269096,-10471.944050328686,4.147619047619048
1201.732091624673,-10475.670225024784,3.99047619047619
1202.2699700224368,-10479.393065646302,4.011904761904762
1202.8078484202003,-10483.112576666083,4.076190476190477
1203.345726817964,-10486.828762548985,4.2023809523809526
1203.8836052157278,-10490.541627751882,4.126190476190477
1204.4214836134913,-10494.251176723685,4.092857142857143
1204.959362011255,-10497.957413905366,3.9404761904761902
1205.4972404090186,-10501.660343729964,3.9809523809523806
1206.0351188067823,-10505.359970622618,3.938095238095238
1206.5729972045458,-10509.056299000567,3.9928571428571424
1207.1108756023095,-10512.749333273186,3.8261904761904764
1207.6487540000733,-10516.43907784199,3.857142857142857
1208.1866323978368,-10520.125537100652,3.8285714285714287
1208.7245107956005,-10523.808715435032,3.811904761904762
1209.262389193364,-10527.488617223182,3.926190476190476
1209.8002675911277,-10531.16524683537,3.8666666666666667
1210.3381459888913,-10534.83860863409,3.771428571428572
1210.876024386655,-10538.508706974098,3.9
1211.4139027844187,-10542.1755462024,3.8333333333333335
1211.9517811821822,-10545.83913065829,3.8071428571428574
1212.489659579946,-10549.499464673372,3.7761904761904765
1213.0275379777095,-10553.15655257155,3.8523809523809525
1213.5654163754732,-10556.81039866908,3.7309523809523806
1214.1032947732367,-10560.461007274553,3.7428571428571424
1214.6411731710004,-10564.10838268894,3.642857142857143
1215.1790515687642,-10567.752529205594,3.785714285714286
1215.7169299665277,-10571.393451110262,3.721428571428571
1216.2548083642914,-10575.031152681122,3.726190476190476
1216.792686762055,-10578.665638188779,3.7166666666666663
1217.3305651598187,-10582.296911896294,3.74047619047619
1217.8684435575822,-10585.924978059193,3.7619047619047614
1218.406321955346,-10589.549840925492,3.759523809523809
1218.9442003531096,-10593.171504735708,3.6333333333333333
1219.4820787508731,-10596.78997372287,3.7880952380952384
1220.0199571486369,-10600.405252112554,3.7952380952380955
1220.5578355464004,-10604.017344122874,3.74047619047619
1221.0957139441641,-10607.626253964525,3.7238095238095235
1221.6335923419276,-10611.231985840775,3.638095238095238
1222.1714707396914,-10614.834543947502,3.6595238095238094
1222.709349137455,-10618.433932473194,3.785714285714286
1223.2472275352186,-10622.030155598972,3.6095238095238096
1223.7851059329823,-10625.62321749861,3.638095238095238
1224.3229843307458,-10629.213122338548,3.514285714285714
1224.8608627285096,-10632.799874277905,3.5880952380952382
1225.398741126273,-10636.383477468496,3.3904761904761904
1225.9366195240368,-10639.963936054854,3.4238095238095236
1226.4744979218005,-10643.541254174237,3.4119047619047618
1227.012376319564,-10647.11543595665,3.2904761904761903
1227.5502547173278,-10650.686485524864,3.1476190476190475
1228.0881331150913,-10654.25440699442,3.314285714285714
1228.626011512855,-10657.819204473653,3.2047619047619045
1229.1638899106185,-10661.380882063717,3.361904761904762
1229.7017683083823,-10664.939443858575,3.2333333333333334
1230.239646706146,-10668.49489394504,3.414285714285714
1230.7775251039095,-10672.047236402781,3.2714285714285714
1231.3154035016732,-10675.596475304337,3.2476190476190476
1231.8532818994368,-10679.142614715127,3.1785714285714284
1232.3911602972005,-10682.685658693485,3.2404761904761905
1232.929038694964,-10686.225611290654,3.1857142857142855
1233.4669170927277,-10689.762476550815,3.1476190476190475
1234.0047954904915,-10693.296258511096,3.126190476190476
1234.542673888255,-10696.826961201587,2.9976190476190476
1235.0805522860187,-10700.354588645365,3.0476190476190474
1235.6184306837822,-10703.879144858493,3.0476190476190474
1236.156309081546,-10707.400633850048,3.019047619047619
1236.6941874793094,-10710.919059622132,3.076190476190476
1237.2320658770732,-10714.434426169893,3.25
1237.769944274837,-10717.946737481523,3.1738095238095236
1238.3078226726004,-10721.455997538294,2.880952380952381
1238.8457010703642,-10724.96221031456,2.8476190476190477
1239.3835794681277,-10728.465379777776,3.0095238095238095
1239.9214578658914,-10731.965509888516,2.9952380952380953
1240.459336263655,-10735.462604600476,2.7928571428571427
1240.9972146614186,-10738.956667860508,2.819047619047619
1241.5350930591824,-10742.44770360862,2.9309523809523808
1242.0729714569459,-10745.935715777989,2.9595238095238097
1242.6108498547096,-10749.420708294994,2.980952380952381
1243.1487282524731,-10752.902685079207,2.9571428571428573
1243.6866066502369,-10756.381650043426,2.85
1244.2244850480004,-10759.857607093683,2.6999999999999997
1244.762363445764,-10763.330560129256,2.6666666666666665
1245.3002418435278,-10766.800513042688,2.719047619047619
1245.8381202412913,-10770.267469719798,2.645238095238095
1246.375998639055,-10773.731434039699,2.7357142857142858
1246.9138770368186,-10777.192409874808,2.6357142857142857
1247.4517554345823,-10780.650401090868,2.5952380952380953
1247.9896338323458,-10784.105411546952,2.607142857142857
1248.5275122301096,-10787.557445095488,2.585714285714286
1249.0653906278733,-10791.006505582263,2.683333333333333
1249.6032690256368,-10794.452596846448,2.757142857142857
1250.1411474234005,-10797.895722720601,2.719047619047619
1250.679025821164,-10801.335887030691,2.664285714285714
1251.2169042189278,-10804.773093596108,2.8
1251.7547826166913,-10808.207346229674,2.8904761904761904
1252.292661014455,-10811.638648737666,2.873809523809524
1252.8305394122187,-10815.067004919818,2.776190476190476
1253.3684178099822,-10818.492418569343,2.5952380952380953
1253.906296207746,-10821.914893472953,2.6523809523809523
1254.4441746055095,-10825.334433410851,2.5285714285714285
1254.9820530032732,-10828.751042156773,2.702380952380952
1255.5199314010367,-10832.164723477981,2.5976190476190477
1256.0578097988005,-10835.575481135285,2.711904761904762
1256.5956881965642,-10838.983318883058,2.7976190476190474
1257.1335665943277,-10842.388240469245,2.6928571428571426
1257.6714449920914,-10845.79024963538,2.5666666666666664
1258.209323389855,-10849.1893501166,2.5
1258.7472017876187,-10852.585545641658,2.469047619047619
1259.2850801853822,-10855.978839932934,2.619047619047619
1259.822958583146,-10859.369236706452,2.5785714285714283
1260.3608369809097,-10862.756739671895,2.630952380952381
1260.8987153786732,-10866.141352532613,2.4547619047619045
1261.436593776437,-10869.523078985643,2.3404761904761906
1261.9744721742004,-10872.90192272171,2.4214285714285713
1262.5123505719641,-10876.277887425264,2.5142857142857142
1263.0502289697276,-10879.650976774465,2.6809523809523808
1263.5881073674914,-10883.021194441219,2.585714285714286
1264.1259857652549,-10886.388544091176,2.519047619047619
1264.6638641630186,-10889.753029383759,2.3476190476190477
1265.2017425607823,-10893.11465397216,2.2857142857142856
1265.7396209585459,-10896.47342150336,2.545238095238095
1266.2774993563096,-10899.829335618151,2.433333333333333
1266.815377754073,-10903.182399951136,2.473809523809524
1267.3532561518368,-10906.532618130752,2.6666666666666665
1267.8911345496003,-10909.879993779272,2.7261904761904763
1268.429012947364,-10913.224530512834,2.7595238095238095
1268.9668913451278,-10916.566231941437,2.5666666666666664
1269.5047697428913,-10919.905101668965,2.7095238095238097
1270.042648140655,-10923.241143293199,2.711904761904762
1270.5805265384186,-10926.57436040582,2.7904761904761903
1271.1184049361823,-10929.904756592445,2.702380952380952
1271.6562833339458,-10933.232335432604,2.9
1272.1941617317095,-10936.557100499791,2.880952380952381
1272.7320401294733,-10939.87905536145,2.7785714285714285
1273.2699185272368,-10943.198203578999,2.607142857142857
1273.8077969250005,-10946.51454870784,2.6738095238095236
1274.345675322764,-10949.828094297376,2.688095238095238
1274.8835537205277,-10953.138843891014,2.7523809523809524
1275.4214321182912,-10956.446801026188,2.638095238095238
1275.959310516055,-10959.751969234367,2.8833333333333333
1276.4971889138185,-10963.054352041065,2.9761904761904763
1277.0350673115822,-10966.353952965856,2.7738095238095237
1277.572945709346,-10969.650775522392,2.6904761904761902
1278.1108241071095,-10972.944823218404,2.8404761904761906
1278.6487025048732,-10976.236099555728,2.888095238095238
1279.1865809026367,-10979.524608030302,2.719047619047619
1279.7244593004004,-10982.810352132194,2.7071428571428573
1280.262337698164,-10986.093335345598,2.7714285714285714
1280.8002160959277,-10989.373561148865,2.7452380952380953
1281.3380944936914,-10992.6510330145,2.7214285714285715
1281.875972891455,-10995.925754409178,2.742857142857143
1282.4138512892187,-10999.197728793763,2.7857142857142856
1282.9517296869822,-11002.46695962331,2.6595238095238094
1283.489608084746,-11005.733450347088,2.4857142857142858
1284.0274864825094,-11008.997204408584,2.5738095238095235
