260,0.003369348
260.5245,0.0032295745
261.049,0.0032699546
261.57352,0.0034669621
262.09802,0.0036591606
262.62253,0.0037549164
263.14703,0.0039100084
263.67154,0.004023913
264.19604,0.003980946
264.72055,0.003947397
265.24506,0.0040648584
265.76956,0.004223063
266.29407,0.0043384624
266.81857,0.0045254063
267.34308,0.004670232
267.86758,0.0048330035
268.3921,0.004927183
268.91656,0.0050020814
269.44107,0.005131669
269.96558,0.005142057
270.49008,0.0052341744
271.0146,0.0053321533
271.5391,0.0056465007
272.0636,0.0058168718
272.5881,0.0061325138
273.1126,0.0061859894
273.63712,0.006507169
274.16162,0.006754823
274.68613,0.0069573284
275.21063,0.00691711
275.73514,0.007095687
276.25964,0.00728271
276.78415,0.007284894
277.30865,0.0070719197
277.83316,0.0069815405
278.35767,0.007123941
278.88217,0.007356882
279.40668,0.0074276985
279.93118,0.0076655713
280.4557,0.0075745857
280.9802,0.007717067
281.5047,0.007401466
282.0292,0.007526809
282.5537,0.007169413
283.07822,0.0072558317
283.60272,0.0074140765
284.12723,0.00736052
284.65173,0.0077388934
285.17624,0.0076197754
285.70074,0.007523171
286.22525,0.0070846924
286.74976,0.0067973454
287.27423,0.006369093
287.79874,0.0061663855
288.32324,0.0062799263
288.84775,0.0061900723
289.37225,0.0059192567
289.89676,0.0054629124
290.42126,0.0053986036
290.94577,0.005451635
291.47028,0.0055807377
291.99478,0.005350221
292.5193,0.0053296476
293.0438,0.0051913694
293.5683,0.005152121
294.0928,0.0053157024
294.6173,0.005501555
295.1418,0.005250788
295.66632,0.0049395114
296.19083,0.0044996585
296.71533,0.0045993347
297.23984,0.0044397153
297.76434,0.003917203
298.28885,0.0035568979
298.81335,0.003280747
299.33786,0.003072057
299.86237,0.0029578295
300.38687,0.0028195118
300.91138,0.0027034248
301.43588,0.0026017681
301.9604,0.0024145013
302.4849,0.0021895627
303.0094,0.00200654
303.5339,0.0018699197
304.0584,0.0017612297
304.5829,0.0016458301
305.10742,0.0016298235
305.6319,0.0016545608
306.1564,0.0015727907
306.6809,0.0015299454
307.2054,0.0015170918
307.72992,0.0015408588
308.25443,0.0015403334
308.77893,0.0015251352
309.30344,0.0015283286
309.82794,0.0015711739
310.35245,0.001548579
310.87695,0.0015491854
311.40146,0.0015764689
311.92596,0.0016153533
312.45047,0.0016951831
312.97498,0.0017841076
313.49948,0.0019143819
314.024,0.001995101
314.5485,0.0020463944
315.073,0.0021743244
315.5975,0.0023148654
316.122,0.0025149453
316.6465,0.0027094474
317.17102,0.002951605
317.69553,0.0031053636
318.22003,0.0032338996
318.74454,0.003320237
319.26904,0.0033478441
319.79355,0.0035566955
320.31805,0.003632079
320.84256,0.0037922645
321.36707,0.003895053
321.89154,0.0042429497
322.41608,0.004353499
322.94055,0.004582641
323.4651,0.0047610966
323.98956,0.0049807397
324.5141,0.0051078214
325.03857,0.0054169544
325.56308,0.005686477
326.0876,0.0058920137
326.6121,0.00591764
327.1366,0.0056587886
327.6611,0.0057766945
328.1856,0.0059005823
328.7101,0.006140396
329.23462,0.0063369996
329.75912,0.0061588674
330.28363,0.0062232167
330.80814,0.006268649
331.33264,0.006331098
331.85715,0.006398236
332.38165,0.006565859
332.90616,0.0065958514
333.43066,0.0072458074
333.95517,0.0069498103
334.47968,0.007016463
335.00418,0.006735947
335.5287,0.006248156
336.0532,0.006291931
336.5777,0.006557653
337.1022,0.0066963346
337.6267,0.006406239
338.1512,0.0066391006
338.67572,0.0068315812
339.2002,0.0069699795
339.72473,0.0071468186
340.2492,0.0069762045
340.77374,0.0068404335
341.29822,0.006906884
341.82275,0.0068470216
342.34723,0.0069524776
342.87173,0.007127942
343.39624,0.0070661795
343.92075,0.0070181205
344.44525,0.006590272
344.96976,0.006390475
345.49426,0.0062928605
346.01877,0.0062991665
346.54327,0.0060319887
347.06778,0.0060569276
347.5923,0.0058639217
348.1168,0.005676776
348.6413,0.005468652
349.1658,0.005526453
349.6903,0.0053391457
350.2148,0.005366793
350.73932,0.0054596383
351.26382,0.005296866
351.78833,0.005415499
352.31284,0.004880053
352.83734,0.0046382593
353.36185,0.004087049
353.88635,0.0038568962
354.41086,0.003691214
354.93536,0.0033033818
355.45987,0.0031263817
355.98438,0.0029754527
356.50885,0.002786003
357.0334,0.002627273
357.55786,0.0024928758
358.0824,0.002371575
358.60687,0.002227396
359.1314,0.0021786492
359.65588,0.0022216563
360.18042,0.0022017695
360.7049,0.0022191098
361.2294,0.0022276386
361.7539,0.0023554473
362.2784,0.002387137
362.80292,0.0024537896
363.32742,0.0024278804
363.85193,0.0025273948
364.37643,0.0026655106
364.90094,0.0027120747
365.42545,0.0028218965
365.94995,0.002967652
366.47446,0.0030953798
366.99896,0.0030859213
367.52347,0.0030858002
368.04797,0.0031102945
368.57248,0.0032523314
369.097,0.0034807457
369.6215,0.003550875
370.146,0.0037101305
370.6705,0.0038123124
371.195,0.0038814715
371.7195,0.0037765007
372.24402,0.0037766218
372.76852,0.0038857565
373.29303,0.0040019643
373.81754,0.0040274295
374.34204,0.0042819553
374.86652,0.0045788824
375.39105,0.004783287
375.91553,0.004777588
376.44006,0.0048017995
376.96454,0.0047501023
377.48907,0.004908428
378.01355,0.004804184
378.5381,0.0050705937
379.06256,0.005144482
379.58707,0.005232315
380.11157,0.0052102054
380.63608,0.005291046
381.16058,0.0053939954
381.6851,0.0052943192
382.2096,0.0053519993
382.7341,0.00536073
383.2586,0.0053094774
383.7831,0.005247634
384.30762,0.0052811024
384.83212,0.0052558393
385.35663,0.0051193405
385.88113,0.005006366
386.40564,0.0048226966
386.93015,0.00501445
387.45465,0.0051971897
387.97916,0.0053779487
388.50366,0.005248928
389.02817,0.0052445624
389.55267,0.0053838505
390.07715,0.0055652563
390.60168,0.005572653
391.12616,0.005703049
391.6507,0.005564529
392.17517,0.0056009875
392.6997,0.005476413
393.22418,0.005295249
393.74872,0.0048794467
394.2732,0.0050535765
394.79773,0.00484028
395.3222,0.005172048
395.84674,0.005391086
396.37122,0.0053547076
396.89575,0.0054083043
397.42023,0.0053550308
397.94476,0.005570834
398.46924,0.0054813437
398.99374,0.005516509
399.51825,0.0053834463
400.04276,0.0055708345
400.56726,0.005526494
401.09177,0.0052641667
401.61627,0.0054919743
402.14078,0.0054149344
402.66528,0.005351191
403.1898,0.0049602874
403.7143,0.004960853
404.2388,0.004657297
404.7633,0.004567928
405.2878,0.004351276
405.81232,0.0042233053
406.33682,0.0042112605
406.86133,0.0040772273
407.38583,0.0040755696
407.91034,0.0041201124
408.4348,0.004111099
408.95935,0.004163888
409.48383,0.0041670813
410.00836,0.0041197487
410.53284,0.0040610186
411.05737,0.0040592803
411.58185,0.0039860387
412.10638,0.0039522885
412.63086,0.0040394343
413.1554,0.00418907
413.67987,0.004276983
414.2044,0.0044106934
414.72888,0.0044670394
415.25342,0.0046345405
415.7779,0.004742746
416.30243,0.0048542246
416.8269,0.005149858
417.3514,0.0051063253
417.87592,0.0055195815
418.40042,0.005514004
418.92493,0.005720915
419.44943,0.005540883
419.97394,0.006005069
420.49844,0.006087769
421.02295,0.006724023
421.54745,0.0066370387
422.07196,0.0066805705
422.59647,0.0064949617
423.12097,0.006525883
423.64548,0.006425681
424.16998,0.006318851
424.6945,0.0063435077
425.219,0.006616303
425.74347,0.006837038
426.268,0.0066663437
426.79248,0.006752681
427.31702,0.006692495
427.8415,0.0067814603
428.36603,0.006734775
428.8905,0.006794233
429.41504,0.006824669
429.9395,0.0073756776
430.46405,0.007405427
430.98853,0.0071078935
431.51306,0.006745324
432.03754,0.006678469
432.56207,0.0064494074
433.08655,0.006627217
433.61108,0.0064752363
434.13556,0.006343911
434.66006,0.0062095136
435.18457,0.0065613315
435.70908,0.0062520765
436.23358,0.0062660626
436.7581,0.0059247944
437.2826,0.0064442344
437.8071,0.0061593126
438.3316,0.0063409605
438.8561,0.005890558
439.3806,0.0060231765
439.90512,0.0059165894
440.42963,0.0058671553
440.95413,0.005708789
441.47864,0.005493268
442.00314,0.0052608117
442.52765,0.0050511924
443.05215,0.00517698
443.57666,0.0055546258
444.10114,0.0056528877
444.62567,0.0057750377
445.15015,0.005800826
445.67468,0.005833849
446.19916,0.0060645267
446.7237,0.0059526027
447.24817,0.006104987
447.7727,0.0061032902
448.29718,0.0057988446
448.82172,0.00562908
449.3462,0.0055275448
449.87073,0.005631828
450.3952,0.0056100413
450.91974,0.005602483
451.4442,0.0053501404
451.96875,0.00514812
452.49323,0.0051369634
453.01773,0.005206042
453.54224,0.0047776285
454.06674,0.0045163515
454.59125,0.0044982843
455.11575,0.0046671196
455.64026,0.0045100464
456.16476,0.004550062
456.68927,0.0045676045
457.21378,0.004615987
457.73828,0.004633409
458.2628,0.004511057
458.7873,0.004588623
459.3118,0.0047231414
459.8363,0.004696869
460.3608,0.0045117442
460.8853,0.004290767
461.40982,0.004378559
461.93433,0.004201479
462.4588,0.0041382206
462.98334,0.0040342603
463.5078,0.004053621
464.03235,0.0041989326
464.55682,0.0040693446
465.08136,0.0038562093
465.60583,0.0038045521
466.13037,0.0037431538
466.65485,0.003771933
467.17938,0.003853218
467.70386,0.0036441647
468.2284,0.003486728
468.75287,0.003523834
469.2774,0.0033699134
469.80188,0.003499016
470.32642,0.0032060903
470.8509,0.003124927
471.3754,0.0030615479
471.8999,0.0030904484
472.4244,0.0030294543
472.9489,0.0029366899
473.47342,0.0029729062
473.99792,0.0028510394
474.52243,0.0026816789
475.04694,0.002656012
475.57144,0.0027540715
476.09595,0.0027932788
476.62045,0.0027305873
477.14496,0.002604759
477.66946,0.0025223421
478.19397,0.0024446545
478.71848,0.0022922705
479.24298,0.002310702
479.76746,0.0023678157
480.292,0.0023435233
480.81647,0.0022003145
481.341,0.0020934434
481.86548,0.0021476874
482.39,0.0022498698
482.9145,0.0022501526
483.43903,0.0021182615
483.9635,0.0020016895
484.48804,0.0019140585
485.0125,0.00196519
485.53705,0.0020346725
486.06152,0.0021558926
486.58606,0.0021474853
487.11053,0.0021404522
487.63507,0.0022351567
488.15955,0.002261834
488.68405,0.002269352
489.20856,0.0022878244
489.73306,0.002323596
490.25757,0.0023521327
490.78207,0.0022278002
491.30658,0.0021603792
491.8311,0.0021467574
492.3556,0.0021900479
492.8801,0.0022238793
493.4046,0.002280104
493.9291,0.0022848735
494.4536,0.0022501121
494.97812,0.0021929985
495.50262,0.0020567824
496.02713,0.0020253353
496.55164,0.0020084397
497.07614,0.0019985773
497.60065,0.0019481328
498.12512,0.0019248105
498.64966,0.001832814
499.17413,0.0018312779
499.69867,0.001782046
500.22314,0.00169199
500.74768,0.0016447386
501.27216,0.00161216
501.7967,0.001689969
502.32117,0.0017445362
502.8457,0.001822143
503.37018,0.0018304292
503.8947,0.0017776404
504.4192,0.001777883
504.94373,0.0017444553
505.4682,0.0017408176
505.99274,0.0017711731
506.5172,0.0018315203
507.04172,0.0018797014
507.56622,0.0017452637
508.09073,0.0014333815
508.61523,0.0010651533
509.13974,0.00089716696
509.66425,0.0007925999
510.18875,0.0007296252
510.71326,0.00064902724
511.23776,0.00057235017
511.76227,0.0005655191
512.28674,0.0004590523
512.8113,0.000432092
513.3358,0.0003881957
513.8603,0.00040327242
514.38477,0.00042255284
514.9093,0.0004404994
515.4338,0.0004270395
515.9583,0.0004245334
516.4828,0.000416894
517.0073,0.00042433137
517.53186,0.00047360358
518.05634,0.00049995753
518.5808,0.000584557
519.10535,0.0005880332
519.6298,0.0005923177
520.1543,0.0006428026
520.67883,0.00061341707
521.20337,0.00066305307
521.72784,0.00069688476
522.2523,0.0007443786
522.77686,0.0007814439
523.3014,0.0008295844
523.82587,0.0009267546
524.35034,0.0009732782
524.8749,0.0010788558
525.3994,0.0011606662
525.9239,0.001246721
526.44836,0.0014788946
526.9729,0.0019481733
527.49744,0.0022394818
528.0219,0.002192958
528.5464,0.0029272316
529.0709,0.0042030145
529.59546,0.0038850287
530.11993,0.0055777864
530.6444,0.009871262
531.16895,0.013837978
531.6935,0.015941447
532.21796,0.01650349
532.74243,0.016759956
533.26697,0.016583806
533.7915,0.016545406
534.316,0.013633333
534.84045,0.0042872503
535.365,0.0023739191
535.8895,0.004653134
536.414,0.0026126008
536.9385,0.0021335806
537.463,0.0016549245
537.9875,0.0013823711
538.51196,0.0011530673
539.0365,0.0009893654
539.56104,0.0008442569
540.0855,0.0007929636
540.61,0.0007422363
541.1345,0.0006738049
541.65906,0.00059361116
542.18353,0.00055189757
542.708,0.0005604262
543.23254,0.0005246139
543.7571,0.0005545248
544.28156,0.0005253818
544.806,0.00052489684
545.33057,0.0005312428
545.8551,0.00044215666
546.3796,0.00043116233
546.90405,0.00039256105
547.4286,0.00039304615
547.9531,0.00038520456
548.4776,0.00038116254
549.0021,0.00038847863
549.5266,0.00038286022
550.05115,0.00036737928
550.5756,0.00036030577
551.1001,0.00038193053
551.62463,0.00038516417
552.1492,0.00045298925
552.67365,0.0004390039
553.1981,0.00043265792
553.72266,0.00045298928
554.2472,0.0003833857
554.77167,0.0003731594
555.29614,0.00034033819
555.8207,0.0003408232
556.34515,0.00034490565
556.8696,0.0003490285
557.39417,0.00034409724
557.9187,0.0003299906
558.4432,0.00030957838
558.96765,0.00030820406
559.4922,0.0003420762
560.0167,0.00034652243
560.5412,0.00041551972
561.0657,0.00039486503
561.5902,0.00037902032
562.11475,0.0004060614
562.6392,0.00034146992
563.1637,0.00034595656
563.68823,0.000316854
564.21277,0.00032315956
564.73724,0.0003386809
565.2617,0.00034822008
565.78625,0.00035517235
566.3108,0.00035282798
566.83527,0.00034914978
567.35974,0.00035060488
567.8843,0.00038637678
568.4088,0.00038892325
568.9333,0.00045889066
569.45776,0.0004404591
569.9823,0.00042922221
570.50684,0.00046899568
571.0313,0.00041588352
571.5558,0.00041976385
572.0803,0.00038067752
572.60486,0.00038601304
573.12933,0.00039385454
573.6538,0.0004054147
574.17834,0.00041899583
574.7028,0.00040848667
575.2273,0.00039458208
575.75183,0.00037372523
576.27637,0.00038007123
576.80084,0.00035432354
577.3253,0.00040606142
577.84985,0.00038528544
578.3744,0.0003727552
578.89886,0.0003983412
579.42334,0.00032146194
579.9479,0.00032542308
580.4724,0.000296078
580.9969,0.00030452583
581.52136,0.00031252904
582.0459,0.00031527763
582.57043,0.0002990287
583.0949,0.00029013623
583.6194,0.00027792936
584.1439,0.00027352353
584.66846,0.00030788072
585.19293,0.00030828494
585.7174,0.00037962664
586.24194,0.00035412144
586.7665,0.0003344368
587.29095,0.00036701548
587.8154,0.0002986245
588.33997,0.0002966439
588.8645,0.00025735548
589.389,0.0002602253
589.91345,0.000272796
590.438,0.00027691884
590.9625,0.00027611046
591.48694,0.0002718663
592.0115,0.00025780007
592.536,0.0002566279
593.0605,0.00029878618
593.58496,0.0003023836
594.1095,0.0003740082
594.63403,0.0003508878
595.1585,0.00034134867
595.683,0.0003730381
596.2075,0.0003033941
596.73206,0.00030137307
597.25653,0.0002642269
597.781,0.0002693603
598.30554,0.00028269892
598.8301,0.00028657928
599.35455,0.000283669
599.879,0.00028180968
600.40356,0.00027534246
600.9281,0.0002772018
601.4526,0.0003109527
601.97705,0.00031244822
602.5016,0.0003827794
603.0261,0.00036568163
603.5506,0.00035468733
604.0751,0.00039138886
604.5996,0.00032388713
605.12415,0.0003226341
605.6486,0.00027534246
606.1731,0.00027885902
606.69763,0.0002932082
607.22217,0.0002980586
607.74664,0.00029365282
608.2711,0.00028637718
608.79565,0.00028055668
609.3201,0.0002858113
609.8446,0.00032509977
610.36914,0.00033678123
610.8937,0.00041935965
611.41815,0.00040569762
611.9426,0.00046155835
612.46716,0.00048900367
612.9917,0.00042631198
613.5162,0.0004084058
614.04065,0.0003653583
614.5652,0.00036297346
615.0897,0.00036426692
615.6142,0.00036834934
616.1387,0.00036143753
616.6632,0.00036665172
617.18774,0.0003966031
617.7122,0.00044741124
618.2367,0.0005390844
618.7612,0.00054724916
619.28577,0.00054611743
619.81024,0.0004602245
620.3347,0.00041317535
620.85925,0.0004310007
621.3838,0.0003484626
621.90826,0.00033750874
622.43274,0.00029433996
622.9573,0.0002964418
623.4818,0.0002926423
624.0063,0.0002898533
624.53076,0.00029834153
625.0553,0.0002938145
625.57983,0.00028686223
626.1043,0.00028593253
626.6288,0.0003260294
627.1533,0.00033734707
627.6778,0.00041988512
628.2023,0.00040517215
628.7268,0.00041511553
629.25134,0.00044716874
629.7758,0.00040351495
630.3003,0.00042889884
630.8248,0.00042849462
631.34937,0.00044029733
631.87384,0.00043872092
632.3983,0.00044300547
632.92285,0.00043536606
633.4474,0.00042138065
633.97186,0.0004214211
634.49634,0.00043985268
635.0209,0.00051673193
635.5454,0.0005858909
636.0699,0.0007305548
636.59436,0.0007672968
637.1189,0.00084082125
637.64343,0.00089292275
638.1679,0.0008592124
638.6924,0.00089797535
639.2169,0.00090614025
639.74146,0.0009100206
640.2659,0.0008373046
640.7904,0.00075812143
641.31494,0.0007041604
641.8395,0.0006612746
642.36395,0.00062699826
642.8884,0.0006030291
643.41296,0.00063479936
643.9375,0.0006368204
644.462,0.00069551053
644.98645,0.00068144425
645.511,0.0006553328
646.03546,0.0006845566
646.55994,0.0006382755
647.0845,0.00063136365
647.609,0.0005700058
648.1335,0.00055909227
648.65796,0.0005653575
649.1825,0.00061422546
649.70703,0.0006439343
650.2315,0.0006659229
650.756,0.00066636753
651.2805,0.00065100787
651.80505,0.0006871031
652.3295,0.0007074748
652.854,0.0007890025
653.37854,0.0007825352
653.9031,0.0007879515
654.42755,0.00083192874
654.952,0.00076175923
655.47656,0.00073023146
656.0011,0.0007020182
656.5256,0.0007459954
657.05005,0.0007542411
657.5746,0.0007566663
658.0991,0.0007786549
658.6236,0.00076382066
659.1481,0.000768469
659.6726,0.0007797058
660.19714,0.00085084536
660.7216,0.0009096972
661.2461,0.0010217016
661.7706,0.0010044826
662.29517,0.00095795887
662.81964,0.0009805539
663.3441,0.0008902955
663.86865,0.00086454785
664.3931,0.0008335455
664.9176,0.00085731264
665.44214,0.00082275335
665.9667,0.0007559387
666.49115,0.00078912376
667.0156,0.00080007757
667.54016,0.0007626081
668.0647,0.0007347989
668.5892,0.00076568004
669.11365,0.00078354566
669.6382,0.00085953576
670.1627,0.000828776
670.6872,0.0008265124
671.2117,0.00089025515
671.7362,0.0008504816
672.26074,0.0008625673
672.7852,0.0008179838
673.3097,0.0008146693
673.8342,0.00082356174
674.35876,0.0008200048
674.88324,0.0008403361
675.4077,0.00084724795
675.93225,0.000832818
676.4568,0.00080484716
676.98126,0.00084239757
677.50574,0.0008827774
678.0303,0.0009942967
678.5548,0.0009890824
679.0793,0.00096547714
679.60376,0.0009934884
680.1283,0.00092998816
680.65283,0.00093160494
681.17725,0.00090141105
681.7018,0.00092974567
682.2263,0.0009584844
682.7508,0.00096939784
683.27527,0.00097299524
683.7998,0.00097170175
684.32434,0.0009670939
684.8488,0.00097242935
685.3733,0.0009947009
685.8978,0.0009757843
686.42236,0.0010063419
686.94684,0.00095880777
687.4713,0.0009879507
687.99585,0.0009950242
688.5204,0.0009115565
689.04486,0.0008943375
689.56934,0.0008443782
690.0939,0.0008280484
690.6184,0.00082335965
691.1429,0.0008240871
691.66736,0.0008624864
692.1919,0.00083196914
692.71643,0.0007887599
693.2409,0.00075537286
693.7654,0.0007812013
694.2899,0.0007763105
694.81445,0.00083548576
695.3389,0.0008023007
695.8634,0.0008124058
696.38794,0.0008187113
696.9125,0.00074389344
697.43695,0.0007431659
697.9614,0.00069821865
698.48596,0.00068540545
699.01044,0.0006791808
699.5349,0.00067756395
700.05945,0.00068694144
700.584,0.00065662625
701.10846,0.0006257452
701.63293,0.00060828374
702.1575,0.00064809766
702.682,0.0006403774
703.2065,0.00068734563
703.73096,0.00064797635
704.2555,0.00061406376
704.78,0.0006347185
705.3045,0.0005440156
705.829,0.000526837
706.3535,0.00048706352
706.87805,0.00048912497
707.4025,0.00047934326
707.927,0.0004678639
708.45154,0.00047372482
708.9761,0.00046640876
709.50055,0.00045844598
710.025,0.00046394314
710.54956,0.00050614186
711.0741,0.0005048484
711.5986,0.0005666105
712.12305,0.000534921
712.6476,0.00053079816
713.1721,0.00055117
713.6966,0.00046952115
714.22107,0.0004546869
714.7456,0.0004132562
715.27014,0.00041394334
715.7946,0.00041362
716.3191,0.00041159903
716.8436,0.0004011301
717.3681,0.00039316737
717.8926,0.00038678097
718.4171,0.0003857705
718.94165,0.00043047522
719.4661,0.00043480017
719.9906,0.0004958751
720.51514,0.00047032954
721.0397,0.00046139667
721.56415,0.00049159053
722.0886,0.00041802577
722.61316,0.00042037014
723.1377,0.00038977203
723.6622,0.0003999175
724.18665,0.00040937588
724.7112,0.00041531763
725.2357,0.0004238463
725.7602,0.00043180908
726.28467,0.00043827633
726.8092,0.00045266593
727.33374,0.00050028093
727.8582,0.0005036762
728.3827,0.0005746541
728.9072,0.00055589905
729.43176,0.0005584052
729.95624,0.00058916496
730.4807,0.0005247756
731.00525,0.0005178637
731.5298,0.00048140468
732.05426,0.00048176848
732.57874,0.00047736266
733.1033,0.00046891486
733.6278,0.0004820514
734.1523,0.00046406445
734.67676,0.00044595622
735.2013,0.0004417929
735.72577,0.00047954536
736.25024,0.00048528504
736.7748,0.0005531505
737.2993,0.00053079816
737.8238,0.00051709573
738.34827,0.00053540606
738.8728,0.00045432313
739.39734,0.00044090362
739.9218,0.00040157477
740.4463,0.00041079056
740.9708,0.0004299093
741.49536,0.00044910898
742.01984,0.00047408862
742.5443,0.00045375727
743.06885,0.00043197078
743.5934,0.0004223912
744.11786,0.00046697468
744.64233,0.00047263355
745.1669,0.00053916516
745.6914,0.0005129325
746.2159,0.00049955334
746.74036,0.0005295452
747.2649,0.0004656004
747.7894,0.00046608542
748.3139,0.00042659487
748.8384,0.00041450924
749.3629,0.00039518837
749.88745,0.00038807443
750.4119,0.00039676475
750.9364,0.0003819306
751.46094,0.00035193874
751.9855,0.00033233498
752.5099,0.00035153457
753.0344,0.00034506732
753.55896,0.00039446083
754.08344,0.00036556038
754.6079,0.00035246424
755.13245,0.0003892062
755.657,0.00031948133
756.18146,0.0003181879
756.70593,0.00027481702
757.23047,0.00027728264
757.755,0.000285205
758.2795,0.00029179346
758.80396,0.00029494625
759.3285,0.0002899746
759.853,0.000283669
760.3775,0.00028209263
760.902,0.00032073434
761.4265,0.00032841423
761.95105,0.00040545512
762.4755,0.0003916314
763,0.0003907017
763.52454,0.0004238463
764.0491,0.00036802597
764.57355,0.00037356358
765.098,0.0003474117
765.62256,0.00035650624
766.1471,0.0003733615
766.6716,0.00038439617
767.19604,0.0003932482
767.7206,0.00038589173
768.2451,0.0003809605
768.7696,0.000393612
769.29407,0.00045149378
769.8186,0.0004649537
770.3431,0.0005301111
770.86755,0.0005012915
771.3921,0.0005012914
771.9166,0.00053500186
772.4411,0.0004848808
772.96564,0.0004831832
773.4901,0.00045371684
774.01465,0.00046212424
774.5391,0.00046410484
775.06366,0.0004663683
775.58813,0.00046984447
776.1127,0.00046014367
776.63715,0.0004478963
777.1617,0.00043581068
777.68616,0.0004594969
778.2107,0.00044959396
778.73517,0.00050658645
779.25964,0.0004843149
779.7842,0.0004823748
780.30865,0.00050011923
780.8332,0.00042134026
781.35767,0.00041527723
781.8822,0.00037667595
782.4067,0.00037841397
782.9312,0.00038815525
783.4557,0.00039490545
783.9802,0.0004166919
784.5047,0.0004056168
785.02924,0.0003986645
785.5537,0.00040452546
786.07825,0.00044429893
786.6027,0.00043758922
787.12726,0.0004925202
787.65173,0.00047142085
788.1763,0.0004754629
788.70074,0.0005004022
789.2253,0.00042792875
789.74976,0.00041830874
790.2743,0.00036774305
790.79877,0.00036511573
791.3233,0.0003630543
791.8478,0.00036499448
792.3723,0.00034583532
792.8968,0.0003320116
793.4213,0.0003105889
793.9458,0.0003044854
794.47034,0.00034235916
794.9948,0.00033892345
795.51935,0.00040234276
796.0438,0.00037974786
796.56836,0.00036054826
797.09283,0.00039296527
797.6173,0.00032926304
798.14185,0.0003418741
798.6663,0.00030509173
799.19086,0.00031616687
799.71533,0.00033067772
800.23987,0.000340419
800.76434,0.00039874538
801.2889,0.00063063606
801.81335,0.0013335436
802.3379,0.0024504752
802.86237,0.0033030182
803.3869,0.0028324863
803.9114,0.0017181821
804.4359,0.00070355413
804.9604,0.00041919798
805.4849,0.00043625533
806.0094,0.0003552128
806.53394,0.00034021688
807.0584,0.00029239978
807.58295,0.0002928848
808.1074,0.000300403
808.63196,0.00031345873
809.15643,0.00032489764
809.68097,0.0003182283
810.20544,0.0003171774
810.73,0.00031636897
811.25446,0.00035173664
811.779,0.0003518579
812.30347,0.00041923838
812.828,0.00039522877
813.3525,0.00037897986
813.877,0.00041624732
814.4015,0.00035032196
814.926,0.00034910932
815.4505,0.0003075978
815.975,0.00030881038
816.4995,0.00031446922
817.024,0.00032902052
817.5485,0.00033989354
818.073,0.00032368503
818.59753,0.00031717736
819.122,0.00032097686
819.64655,0.00037861607
820.171,0.00038944872
820.69556,0.00046717675
821.22003,0.00044834093
821.74457,0.00042857547
822.26904,0.00044292465
822.7936,0.00036422652
823.31805,0.00036539868
823.8426,0.00034171247
824.36707,0.00035149415
824.8916,0.00034753294
825.4161,0.00034433976
825.9406,0.0003434101
826.4651,0.00033815546
826.9896,0.00033047562
827.5141,0.00031968343
828.03864,0.0003464416
828.5631,0.00034094448
829.08765,0.00040565725
829.6121,0.0003838303
830.13666,0.0003846791
830.66113,0.0004080016
831.18567,0.00032465512
831.71014,0.00031289284
832.2347,0.0002640652
832.75916,0.00026814765
833.2836,0.00028617508
833.80817,0.00029975627
834.33264,0.00030210064
834.8572,0.00029498668
835.38165,0.0002807992
835.9062,0.00027053244
836.43066,0.0003002817
836.9552,0.00029288486
837.4797,0.00035973985
838.0042,0.00033577066
838.5287,0.0003021815
839.0532,0.00033310291
839.5777,0.00026293346
840.10223,0.0002634185
840.6267,0.00021810744
841.15125,0.00022392796
841.6757,0.00023754955
842.20026,0.00024191494
842.72473,0.00025517275
843.24927,0.0002508478
843.77374,0.0002638631
844.2983,0.0002878323
844.82275,0.00035638502
845.3473,0.00039571384
845.87177,0.0005326171
846.3963,0.0005679039
846.9208,0.0006508462
847.4453,0.00073956855
847.9698,0.0006708138
848.4943,0.0007177416
849.0188,0.00064571283
849.54333,0.000695268
850.0678,0.0006635785
850.59235,0.00071277
851.1168,0.0006699649
851.6413,0.0006935299
852.16583,0.00066475075
852.6903,0.0006537564
853.21484,0.00066042575
853.7393,0.00063682045
854.26385,0.0006617193
854.7883,0.0006087688
855.31287,0.00057619007
855.83734,0.0005796662
856.3619,0.0004957134
856.88635,0.0004874677
857.4109,0.00044381394
857.93536,0.00043298127
858.4599,0.000426029
858.9844,0.0004314049
859.5089,0.00044894722
860.0334,0.00044547106
860.5579,0.00044029733
861.0824,0.00044328845
861.60693,0.00047837317
862.1314,0.00046515572
862.65594,0.00051499385
863.1804,0.0004798283
863.70496,0.0004830619
864.22943,0.0004795858
864.75397,0.00037841397
865.27844,0.00034708832
865.803,0.00029215726
866.32745,0.000285205
866.852,0.00028108212
867.37646,0.00028253728
867.901,0.0002758275
868.4255,0.0002716642
868.94995,0.00026349933
869.4745,0.00026139748
869.99896,0.0002977757
870.5235,0.00030173684
871.048,0.0003753421
871.5725,0.0003495944
872.097,0.00033096064
872.6215,0.00035771882
873.146,0.0002733619
873.67053,0.00027170463
874.195,0.00022986972
874.71954,0.00023366923
875.244,0.00024405721
875.76855,0.00024753337
876.293,0.00023678156
876.81757,0.00023447763
877.34204,0.00022647443
877.8666,0.00022554475
878.39105,0.0002730789
878.9156,0.0002732002
879.44006,0.00035779967
879.9646,0.00032898007
880.4891,0.0003147926
881.0136,0.00034547155
881.5381,0.00026212505
882.0626,0.00026123584
882.5871,0.00021479298
883.11163,0.00021576307
883.6361,0.00022033055
884.16064,0.0002210581
884.6851,0.00022534265
885.20966,0.00022449381
885.73413,0.00022008804
886.25867,0.00022138149
886.78314,0.00026091243
887.3076,0.00026430775
887.83215,0.00034215706
888.3566,0.00031463092
888.88116,0.00030327283
889.40564,0.00033718537
889.9302,0.00026887524
890.45465,0.00026940068
890.9792,0.00023132486
891.50366,0.00023209282
892.0282,0.0002326587
892.5527,0.00023265871
893.0772,0.00023003142
893.6017,0.00023063773
894.1262,0.00022590854
894.6507,0.00022691906
895.17523,0.00026115496
895.6997,0.00026155918
896.22424,0.00033585154
896.7487,0.00030711273
897.27325,0.0002942591
897.7977,0.00032671654
898.32227,0.00025614284
898.84674,0.0002554153
899.3713,0.00021135727
899.89575,0.00021325704
900.4203,0.00021143809
900.94476,0.00021155937
901.4693,0.00020844703
901.9938,0.00020828535
902.5183,0.00020412206
903.0428,0.00020387954
903.5673,0.00024284462
904.0918,0.00024405721
904.6163,0.00032380628
905.1408,0.00029850323
905.6653,0.00029765442
906.1898,0.0003313649
906.7143,0.00025493026
907.23883,0.0002559812
907.7633,0.00021067013
908.28784,0.00021204441
908.8123,0.00021358038
909.33685,0.00021329745
909.8613,0.00020727482
910.38586,0.00020622391
910.91034,0.0002022223
911.4349,0.00020169682
911.95935,0.00024640159
912.4839,0.00024716955
913.00836,0.00032388713
913.5329,0.000300403
914.0574,0.0002937741
914.5819,0.0003212194
915.1064,0.00024886723
915.6309,0.00024878638
916.1554,0.00020375826
916.67993,0.00020687061
917.2044,0.00021786493
917.72894,0.00021806701
918.2534,0.00021289324
918.77795,0.00021107432
919.3024,0.00020775986
919.82697,0.00020678977
920.35144,0.00025379847
920.876,0.0002550515
921.40045,0.0003322137
921.925,0.000304445
922.44946,0.0002986649
922.97394,0.0003305969
923.4985,0.0002542835
924.02295,0.00025488986
924.5475,0.00021273155
925.07196,0.00021612685
925.5965,0.00023092066
926.121,0.00023209285
926.6455,0.00023391175
927.17,0.00023290126
927.6945,0.00022546393
928.219,0.00022651484
928.7435,0.00027134086
929.268,0.0002734427
929.79254,0.00035331305
930.317,0.0003337092
930.84155,0.00029939247
931.366,0.00032885885
931.89056,0.0002550111
932.41504,0.00025432394
932.9396,0.00021075096
933.46405,0.00021341872
933.9886,0.00022643403
934.51306,0.00022788915
935.0376,0.00022134105
935.5621,0.00022117939
936.0866,0.00021774367
936.6111,0.00021879458
937.1356,0.00026155915
937.6601,0.0002630547
938.18463,0.00033754917
938.7091,0.000317622
939.23364,0.0002964418
939.7581,0.00032578688
940.28265,0.00025707253
940.8071,0.00025917435
941.3316,0.00022340247
941.85614,0.00023015267
942.3806,0.0002321737
942.90515,0.00023423512
943.4296,0.00024470393
943.95416,0.0002420362
944.47864,0.00024696745
945.0032,0.00025007981
945.52765,0.00028544755
946.0522,0.00028467953
946.57666,0.00035933568
947.1012,0.00033730664
947.6257,0.00032089604
948.1502,0.00034429936
948.6747,0.00027126
949.1992,0.0002632568
949.7237,0.00021576307
950.2482,0.00021228695
950.7727,0.00021956257
951.29724,0.0002253831
951.8217,0.00021766283
952.34625,0.00021556097
952.8707,0.00021689484
953.39526,0.00021584392
953.91974,0.00025452606
954.4443,0.0002572342
954.96875,0.00032768663
955.4933,0.00030735528
956.01776,0.00031434794
956.5423,0.0003412678
957.0668,0.0002726343
957.5913,0.00027449362
958.1158,0.00023750913
958.64026,0.00023653905
959.1648,0.00024227874
959.6893,0.00024830134
960.2138,0.00024353177
960.7383,0.00023912596
961.2628,0.00023314376
961.7873,0.00023269915
962.3118,0.00026940068
962.8363,0.00027016865
963.36084,0.00034660325
963.8853,0.000331284
964.40985,0.0003210577
964.9343,0.00034591614
965.45886,0.00027708054
965.98334,0.00027392776
966.5079,0.00022671696
967.03235,0.00022796995
967.5569,0.0002321737
968.08136,0.00023670071
968.6059,0.00022764661
969.1304,0.0002238067
969.6549,0.00021677358
970.1794,0.00021366123
970.7039,0.0002470483
971.2284,0.0002473717
971.7529,0.000319158
972.2774,0.00029688646
972.80194,0.00030529386
973.3264,0.00033007143
973.85095,0.00025517278
974.3754,0.00025311136
974.89996,0.00021645021
975.42444,0.00021733945
975.949,0.00021778408
976.47345,0.00022053266
976.9979,0.00021750113
977.52246,0.00021794578
978.04694,0.00021277198
978.5715,0.00021289324
979.09595,0.00024995857
979.6205,0.00024967562
980.14496,0.00032315956
980.6695,0.0002968056
981.194,0.00028399238
981.7185,0.0003134587
982.243,0.00023811543
982.7675,0.00023827713
983.292,0.00020109053
983.8165,0.00020278817
984.341,0.00020335407
984.86554,0.00020391995
985.39,0.00020654728
985.91455,0.0002072344
986.439,0.00020460709
986.96356,0.00020367744
987.48804,0.00023940888
988.0126,0.00024041941
988.53705,0.0003184304
989.0616,0.00028690262
989.58606,0.00027214925
990.1106,0.00029971584
990.6351,0.00022776787
991.1596,0.00022885921
991.6841,0.00018884322
992.2086,0.00019009622
992.7331,0.0002006459
993.2576,0.00020072675
993.7821,0.00020747694
994.3066,0.00020683021
994.8311,0.00020060549
995.3556,0.00020173726
995.8801,0.00024320839
996.4046,0.00024324881
996.92914,0.00032073434
997.4536,0.0002972098
997.97815,0.00028362861
998.5026,0.00030998257
999.02716,0.00023847923
999.55164,0.00023948972
1000.0762,0.00019494665
1000.60065,0.00019615928
1001.1252,0.00019793777
1001.64966,0.00019781648
1002.1742,0.00019805903
1002.69867,0.00019826111
1003.2232,0.00019951415
1003.7477,0.00019955459
1004.2722,0.00024203619
1004.7967,0.00024272334
1005.3212,0.00031434794
1005.8457,0.00028872155
1006.37024,0.00028657928
1006.8947,0.00031495426
1007.41925,0.00024029815
1007.9437,0.00024171284
1008.46826,0.00019700809
1008.99274,0.00019854406
1009.5173,0.00019518919
1010.04175,0.00019474457
1010.5663,0.00019502749
1011.09076,0.00019547214
1011.6153,0.00019951415
1012.1398,0.00019910994
1012.66425,0.00023957058
1013.1888,0.00024098529
1013.71326,0.00031200357
1014.2378,0.00028666013
1014.76227,0.0002756658
1015.2868,0.0003058597
1015.8113,0.00023407344
1016.3358,0.00023435637
1016.8603,0.00018888363
1017.3848,0.00019151095
1017.9093,0.0001962401
1018.43384,0.00019676557
1018.9583,0.00019955456
1019.48285,0.00019846323
1020.0073,0.0001911876
1020.53186,0.00018993455
1021.05634,0.00022712113
1021.5809,0.00022829331
1022.10535,0.00030137305
1022.6299,0.00028071835
1023.15436,0.00028993416
1023.6789,0.0003213002
1024.2034,0.0002424404
1024.7279,0.000241632
1025.2524,0.000194017
1025.7769,0.00019632095
1026.3014,0.00020109053
1026.8259,0.00020092887
1027.3503,0.00019874616
1027.875,0.00019894826
1028.3994,0.00019110675
1028.924,0.00019033876
1029.4485,0.00023407344
1029.9729,0.00023484141
1030.4974,0.0003214619
1031.022,0.0003054555
1031.5464,0.0003020198
1032.0709,0.0003354069
1032.5955,0.00027154296
1033.1199,0.0002806375
1033.6445,0.00024599742
1034.169,0.00026200377
1034.6935,0.00031010387
1035.218,0.00036422652
1035.7424,0.0004397315
1036.267,0.0004246547
1036.7915,0.0003836686
1037.3159,0.0003798691
1037.8406,0.0005019381
1038.365,0.0006284938
1038.8895,0.000738356
1039.4141,0.00069943134
1039.9385,0.0011128896
1040.463,0.0012592511
1040.9875,0.0008888
1041.512,0.00069943134
1042.0366,0.0011037142
1042.561,0.0014542787
1043.0856,0.0015149899
1043.6101,0.0022010824
1044.1345,0.002719593
1044.659,0.0020828536
1045.1836,0.0026539501
1045.708,0.0033988545
1046.2327,0.0026593264
1046.7571,0.0045224554
1047.2816,0.0058940747
1047.8062,0.005520309
1048.3306,0.0054287985
1048.8551,0.0020980916
1049.3796,0.009474617
1049.904,0.016287645
1050.4286,0.016911654
1050.9531,0.015418773
1051.4775,0.0057981177
1052.0022,0.0004628114
1052.5266,0.0011425581
1053.0511,0.00083504105
1053.5757,0.0005344764
1054.1001,0.00039931122
1054.6246,0.00038734684
1055.1492,0.00036838977
1055.6736,0.0004225124
1056.1982,0.0003752612
1056.7227,0.00032974806
1057.2472,0.0003497965
1057.7717,0.000273281
1058.2961,0.00026887524
1058.8207,0.00022849545
1059.3452,0.00023185031
1059.8696,0.00023682199
1060.3943,0.00024114696
1060.9187,0.00025537485
1061.4432,0.0002782527
1061.9678,0.00029745232
1062.4922,0.0003138225
1063.0167,0.0003669751
1063.5413,0.00038678097
1064.0657,0.00047707974
1064.5903,0.00045860768
1065.1147,0.0004583247
1065.6393,0.0004919948
1066.1638,0.00041325623
1066.6882,0.00039203558
1067.2128,0.00031919839
1067.7373,0.00029195516
1068.2617,0.0002738469
1068.7863,0.00026911774
1069.3108,0.00027421067
1069.8352,0.00026996658
1070.3599,0.00027659547
1070.8843,0.000275585
1071.4088,0.0003132162
1071.9333,0.00032699946
1072.4578,0.0004910247
1072.9823,0.00059005426
1073.5068,0.0007881133
1074.0312,0.0009927204
1074.5559,0.0011155169
1075.0803,0.0012542795
1075.6049,0.0013122824
1076.1294,0.0013786525
1076.6538,0.0014037533
1077.1783,0.0014218213
1077.7029,0.0014256611
1078.2273,0.0014483774
1078.752,0.0015349169
1079.2764,0.001544537
1079.8009,0.0016186676
1080.3254,0.0016037122
1080.8499,0.0016070671
1081.3744,0.0014974879
1081.8989,0.0013381919
1082.4233,0.0012538349
1082.948,0.0010469238
1083.4724,0.00091523473
1083.9968,0.00070480723
1084.5215,0.0005478959
1085.0459,0.00043067732
1085.5704,0.00033690242
1086.095,0.0002820522
1086.6194,0.00026483322
1087.1439,0.00023653905
1087.6685,0.00021616729
1088.1929,0.0002484226
1088.7175,0.00024712915
1089.242,0.00032081516
1089.7665,0.00029729062
1090.291,0.00028500287
1090.8154,0.0003112356
1091.34,0.00023249704
1091.8645,0.0002330225
1092.3889,0.00018888363
1092.9136,0.00019110674
1093.438,0.00019207683
1093.9625,0.00019195555
1094.487,0.00019086422
1095.0115,0.00019078336
1095.536,0.00018734766
1096.0605,0.00018775185
1096.585,0.00022708073
1097.1096,0.00022796995
1097.634,0.00030335365
1098.1586,0.0002836286
1098.6831,0.00028104172
1099.2075,0.0003070319
1099.732,0.00023144612
1100.2566,0.00023164821
1100.781,0.00018920701
1101.3057,0.000191228
1101.8301,0.0001926023
1102.3545,0.00019345112
1102.8792,0.00019955459
1103.4036,0.00020048424
1103.9281,0.00019830155
1104.4526,0.00019862491
1104.977,0.00023467973
1105.5016,0.00023548813
1106.0261,0.0003098209
1106.5505,0.0002854071
1107.0752,0.0002842753
1107.5996,0.00031014424
1108.1241,0.00023035477
1108.6487,0.00023116318
1109.1731,0.00019033876
1109.6976,0.00019175345
1110.2222,0.00019470415
1110.7466,0.00019450205
1111.2712,0.00019357237
1111.7957,0.00019413827
1112.3202,0.00019114716
1112.8447,0.00019155136
1113.3691,0.00023269914
1113.8937,0.00023391175
1114.4182,0.00030719358
1114.9426,0.00028637718
1115.4673,0.0002886003
1115.9917,0.00031867292
1116.5162,0.00024316797
1117.0408,0.00024349133
1117.5652,0.00019377447
1118.0897,0.0001958359
1118.6143,0.00019696768
1119.1387,0.00019781651
1119.6632,0.00019454246
1120.1877,0.0001946233
1120.7122,0.00018977287
1121.2368,0.00019058127
1121.7612,0.00023310335
1122.2858,0.00023431594
1122.8103,0.00031075056
1123.3347,0.00029086383
1123.8593,0.00028726642
1124.3838,0.00031903668
1124.9082,0.00024874596
1125.4329,0.0002490289
1125.9573,0.00020610263
1126.4818,0.00020711315
1127.0063,0.00020646641
1127.5308,0.00020674938
1128.0553,0.00020113097
1128.5798,0.00020129264
1129.1042,0.00019514875
1129.6289,0.0001958763
1130.1533,0.0002378729
1130.6779,0.00023888343
1131.2024,0.00031531806
1131.7268,0.00029175307
1132.2513,0.00027457447
1132.7759,0.00030311116
1133.3003,0.00022918258
1133.825,0.00022910174
1134.3494,0.000183629
1134.8739,0.00018504371
1135.3984,0.00019191515
1135.9229,0.00019171304
1136.4474,0.0001938553
1136.9719,0.00019417868
1137.4963,0.00019090466
1138.0209,0.0001914705
1138.5454,0.00023286084
1139.0698,0.00023306294
1139.5945,0.00030824452
1140.1189,0.00028653885
1140.6434,0.0002902575
1141.168,0.0003168136
1141.6924,0.00024159158
1142.2169,0.00024223828
1142.7415,0.000194017
1143.2659,0.00019619969
1143.7905,0.00019696768
1144.315,0.00019628054
1144.8395,0.00019652305
1145.364,0.00019652308
1145.8884,0.00019417868
1146.413,0.00019514875
1146.9375,0.00023819628
1147.4619,0.00023920678
1147.9866,0.00031838997
1148.511,0.00029272315
1149.0355,0.0002816076
1149.56,0.00031281202
1150.0845,0.00023888343
1150.609,0.00023924722
1151.1335,0.00018916656
1151.658,0.0001906621
1152.1826,0.0001936532
1152.707,0.00019401702
1153.2316,0.00019405741
1153.7561,0.00019332986
1154.2805,0.00018427573
1154.805,0.00018459909
1155.3296,0.00022914218
1155.854,0.00022986972
1156.3785,0.00030986132
1156.9031,0.00028366904
1157.4275,0.00027922282
1157.9521,0.00031224612
1158.4766,0.00023314376
1159.0011,0.00023233534
1159.5256,0.00018864112
1160.05,0.00019058127
1160.5746,0.0001938149
1161.0991,0.00019308733
1161.6235,0.00020266691
1162.1482,0.00020234355
1162.6726,0.00019716978
1163.1971,0.0001999992
1163.7217,0.0002360136
1164.2461,0.00023524562
1164.7706,0.0003106293
1165.2952,0.00028734724
1165.8196,0.00028746852
1166.3442,0.00031733906
1166.8687,0.00024296588
1167.3932,0.0002450273
1167.9177,0.00020347534
1168.4421,0.00020493047
1168.9667,0.00020658768
1169.4912,0.00020489005
1170.0156,0.00019227894
1170.5403,0.00019300649
1171.0647,0.00019013665
1171.5892,0.00019005583
1172.1138,0.00023164821
1172.6382,0.00023277996
1173.1627,0.00031192275
1173.6873,0.00028645803
1174.2117,0.00028637718
1174.7362,0.0003180666
1175.2607,0.00024369346
1175.7852,0.0002441785
1176.3098,0.00020545592
1176.8342,0.00020840659
1177.3588,0.0002164098
1177.8833,0.00021568222
1178.4077,0.00021358038
1178.9323,0.0002135804
1179.4568,0.00020699187
1179.9812,0.00020646643
1180.5059,0.000249231
1181.0303,0.00025032237
1181.5548,0.00032421047
1182.0793,0.00030153475
1182.6038,0.00028682177
1183.1283,0.0003178241
1183.6528,0.00025141367
1184.1772,0.00025020112
1184.7019,0.00020586012
1185.2263,0.00020691105
1185.7509,0.0002113977
1186.2754,0.00021172105
1186.7998,0.00021172105
1187.3243,0.00021184231
1187.8489,0.00020974048
1188.3733,0.00021006384
1188.898,0.00025420272
1189.4224,0.00025497066
1189.9469,0.00032671657
1190.4714,0.00030412164
1190.9958,0.00029890743
1191.5204,0.00032974803
1192.0449,0.00025012027
1192.5693,0.00024999896
1193.0939,0.0001987866
1193.6184,0.00020036298
1194.1428,0.00019979708
1194.6675,0.00020003959
1195.1919,0.00019999918
1195.7164,0.0001996354
1196.241,0.00019656347
1196.7654,0.00019785692
1197.2899,0.00024531025
1197.8145,0.00024640159
1198.3389,0.00031608602
1198.8635,0.0002884386
1199.388,0.00027146214
1199.9125,0.00030420246
1200.437,0.00023112276
1200.9614,0.00023088022
1201.486,0.00019260228
1202.0105,0.000194017
1202.5349,0.00019429995
1203.0596,0.00019405743
1203.584,0.00019971625
1204.1085,0.00019999921
1204.633,0.00019567423
1205.1575,0.00019599758
1205.682,0.00023476058
1206.2065,0.00023532646
1206.731,0.00030881038
1207.2556,0.00028168844
1207.78,0.00028031415
1208.3046,0.00030796157
1208.8291,0.0002374687
1209.3535,0.00023799419
1209.878,0.00019159178
1210.4026,0.00019409785
1210.927,0.00019749312
1211.4515,0.00019733148
1211.9761,0.0001990291
1212.5005,0.0001991504
1213.0251,0.00019587635
1213.5496,0.0001961997
1214.0741,0.0002358115
1214.5986,0.00023649864
1215.123,0.00031071014
1215.6476,0.00028896407
1216.1721,0.00028496247
1216.6965,0.00031386293
1217.2212,0.00024167243
1217.7456,0.00024227874
1218.2701,0.00020214143
1218.7947,0.00020581968
1219.3191,0.00021503551
1219.8436,0.0002158439
1220.3682,0.00021483342
1220.8926,0.00021471216
1221.4172,0.00021147852
1221.9417,0.00021131684
1222.4662,0.00024668453
1222.9907,0.00024789714
1223.5151,0.00032117896
1224.0397,0.0002950271
1224.5642,0.00028334567
1225.0886,0.00031329703
1225.6133,0.00023750914
1226.1377,0.00023851967
1226.6622,0.00019809943
1227.1868,0.00020052468
1227.7112,0.00020565803
1228.2357,0.00020646643
1228.7603,0.00020226272
1229.2847,0.00020189896
1229.8092,0.00020266692
1230.3337,0.00020315197
1230.8582,0.00023451804
1231.3828,0.00023504351
1231.9072,0.0003020198
1232.4318,0.00028653888
1232.9563,0.00028180968
1233.4807,0.00031159937
1234.0052,0.00023463932
1234.5298,0.00023476056
1235.0542,0.00019337027
1235.5789,0.00019571465
1236.1033,0.00020391996
1236.6278,0.0002048496
1237.1523,0.00021273155
1237.6768,0.00021269114
1238.2013,0.00021127642
1238.7258,0.00021135726
1239.2502,0.0002483013
1239.7749,0.0002495948
1240.2993,0.00032061306
1240.8239,0.0003006455
1241.3484,0.00028932784
1241.8728,0.00031746028
1242.3973,0.0002444614
1242.9219,0.00024442098
1243.4463,0.00020735567
1243.971,0.0002085683
1244.4954,0.00021034676
1245.0198,0.00021131686
1245.5444,0.00021564182
1246.0688,0.00021689484
1246.5934,0.00021725862
1247.1179,0.00021798619
1247.6423,0.00025379847
1248.1669,0.0002554153
1248.6914,0.00032542308
1249.2158,0.00030569805
1249.7405,0.000304445
1250.2649,0.0003345985
1250.7894,0.00026645002
1251.314,0.0002670967
1251.8384,0.0002322141
1252.3629,0.00023375005
1252.8875,0.00024248083
1253.4119,0.00024324883
1253.9365,0.0002519796
1254.4609,0.00025210084
1254.9855,0.00024171283
1255.51,0.00024126824
1256.0344,0.0002722301
1256.559,0.00027255344
1257.0835,0.000339166
1257.6079,0.00031754115
1258.1326,0.00030424292
1258.657,0.00033811503
1259.1815,0.00026467154
1259.706,0.0002654395
1260.2305,0.00022311955
1260.755,0.00022594894
1261.2795,0.00024421889
1261.804,0.00024502733
1262.3286,0.00025994238
1262.853,0.00025933606
1263.3774,0.0002642269
1263.9021,0.00026265052
1264.4265,0.00031180147
1264.951,0.00031657107
1265.4756,0.00038661927
