263,0.004241735
263.7762,0.004080705
264.55243,0.0041318554
265.32864,0.004112911
266.10486,0.0040200814
266.88107,0.0040522874
267.6573,0.0040598656
268.4335,0.0042303684
269.20972,0.0041602724
269.9859,0.004128067
270.76212,0.004109122
271.53833,0.0042493134
272.31454,0.0042815194
273.09076,0.004347826
273.86697,0.0043459316
274.6432,0.004412238
275.4194,0.0044406555
276.19562,0.0044406555
276.97183,0.0043629818
277.74805,0.0042000567
278.52426,0.0041356445
279.30048,0.004137539
280.0767,0.0042493134
280.8529,0.004254997
281.62912,0.004366771
282.40533,0.0040352377
283.18152,0.0041356445
283.95773,0.004065549
284.73395,0.0041545895
285.51016,0.003968931
286.28638,0.0038704176
287.0626,0.0037150707
287.8388,0.003828739
288.61502,0.003970825
289.39124,0.003949986
290.16745,0.0037548544
290.94366,0.0037567492
291.71988,0.003991664
292.4961,0.0042057405
293.2723,0.003828739
294.04852,0.0038041112
294.82474,0.0038097946
295.60095,0.003927252
296.37714,0.0040087146
297.15335,0.004101544
297.92957,0.0041242777
298.70578,0.004148906
299.482,0.003673392
300.2582,0.0036317136
301.03442,0.0036582362
301.81064,0.0037870605
302.58685,0.003754855
303.36307,0.0036828641
304.13928,0.003692337
304.9155,0.0037775885
305.6917,0.003351331
306.46793,0.0034574217
307.24414,0.003582457
308.02036,0.0035635123
308.79657,0.0035028888
309.57275,0.0036639196
310.34897,0.0038571563
311.12518,0.0039405134
311.9014,0.0036563417
312.6776,0.0035464622
313.45383,0.0034024816
314.23004,0.0033456476
315.00626,0.0033778537
315.78247,0.0034403715
316.5587,0.0035597235
317.3349,0.0034574214
318.1111,0.003353225
318.88733,0.0035009945
319.66354,0.00357109
320.43976,0.0035957184
321.21597,0.0033967982
321.9922,0.0035009945
322.76837,0.0037434876
323.5446,0.0039708246
324.3208,0.0038514726
325.09702,0.0037112813
325.87323,0.0035654071
326.64944,0.0036222413
327.42566,0.003644975
328.20187,0.0037055984
328.9781,0.0035369897
329.7543,0.0034706828
330.53052,0.00317325
331.30673,0.0030330585
332.08295,0.003042531
332.85916,0.003093682
333.63538,0.0032831298
334.41156,0.0033172301
335.1878,0.0033437528
335.964,0.0034574214
336.74023,0.0034953111
337.51642,0.0034043763
338.29263,0.0034290042
339.06885,0.003408165
339.84506,0.003514256
340.62128,0.0036051907
341.3975,0.0036771812
342.1737,0.003760538
342.94992,0.0036184525
343.72614,0.0034612108
344.50235,0.0034119543
345.27856,0.0035635123
346.05478,0.0036639199
346.831,0.0035881407
347.60718,0.003542673
348.38342,0.0036601305
349.1596,0.0034612103
349.93585,0.0034214265
350.71204,0.0034100597
351.48825,0.0034422658
352.26447,0.0036203468
353.04068,0.003656342
353.8169,0.0036639196
354.5931,0.0036980202
355.36932,0.0035047836
356.14554,0.0033191247
356.92175,0.003288813
357.69797,0.0034290042
358.47418,0.0034384767
359.2504,0.0033930093
360.0266,0.0032035618
360.8028,0.0031751443
361.57904,0.00337217
362.35522,0.0031959836
363.13147,0.0028852895
363.90765,0.0027867767
364.68387,0.0029402294
365.46008,0.003213034
366.2363,0.0033437528
367.0125,0.003398693
367.78873,0.002959174
368.56494,0.0029856965
369.34116,0.003016008
370.11737,0.0030292699
370.8936,0.0029307567
371.6698,0.002998958
372.446,0.0031334658
373.22223,0.0032963909
373.9984,0.0029364403
374.77466,0.0030368476
375.55084,0.003093682
376.3271,0.0032319787
377.10327,0.00342711
377.8795,0.003601402
378.6557,0.003474472
379.43192,0.003408165
380.20813,0.003042531
380.98434,0.003010325
381.76056,0.0031694612
382.53677,0.0032566069
383.313,0.0032660794
384.0892,0.0032603962
384.86542,0.0034403715
385.64163,0.0035009945
386.41785,0.003089893
387.19403,0.0030652646
387.97028,0.0029515962
388.74646,0.0030197974
389.5227,0.0032831298
390.2989,0.0034574214
391.07513,0.0033873261
391.85132,0.0032982857
392.62753,0.002953491
393.40375,0.002724259
394.17996,0.002724259
394.95618,0.0029023394
395.7324,0.0029383348
396.5086,0.0029231787
397.28482,0.0031751443
398.06104,0.0035009945
398.83722,0.0034176374
399.61346,0.003423321
400.38965,0.003430899
401.1659,0.003375959
401.94208,0.00337217
402.71832,0.0034725775
403.4945,0.0033418585
404.27075,0.003288813
405.04694,0.0029743297
405.82315,0.0029099176
406.59937,0.0029970638
407.37558,0.0031372549
408.1518,0.0033267029
408.928,0.0034005872
409.70422,0.0033778537
410.48044,0.0031713555
411.25665,0.0030368476
412.03287,0.0029648573
412.80908,0.0029497016
413.58527,0.0028720282
414.3615,0.0027223642
415.1377,0.0027867767
415.91394,0.003078526
416.69012,0.0032888132
417.46637,0.0033721703
418.24255,0.0034896277
419.01877,0.0033967982
419.79498,0.0031827223
420.5712,0.0030406367
421.3474,0.0030974708
422.12363,0.0030917877
422.89984,0.003010325
423.67606,0.0028720282
424.45227,0.0028625557
425.2285,0.0027280478
426.0047,0.0026712136
426.78088,0.0026030121
427.55713,0.002800038
428.3333,0.0031391494
429.10956,0.0034725775
429.88574,0.003027375
430.662,0.0030690536
431.43817,0.0031770386
432.2144,0.0031997727
432.9906,0.0032585014
433.7668,0.0032490294
434.54303,0.0032035615
435.31924,0.0030993652
436.09546,0.0027981435
436.87167,0.0027337314
437.6479,0.0027223642
438.4241,0.0027507814
439.20032,0.0029932745
439.9765,0.0033285972
440.75275,0.0035047836
441.52893,0.0036999146
442.30518,0.0028909731
443.08136,0.0031410437
443.8576,0.0032622905
444.6338,0.0031846166
445.41,0.0031675666
446.18622,0.0033437528
446.96243,0.0034403715
447.73865,0.003398693
448.51486,0.0028644502
449.29108,0.0029970638
450.0673,0.0032016672
450.8435,0.003296391
451.61972,0.0032641848
452.39594,0.0032926023
453.17212,0.0032281897
453.94836,0.0033153358
454.72455,0.0027223642
455.5008,0.0028644502
456.27698,0.0030747373
457.05322,0.0031429387
457.8294,0.003180828
458.60562,0.0031088376
459.38184,0.0030652646
460.15805,0.0029875913
460.93427,0.0029174956
461.71048,0.0029023394
462.4867,0.002911812
463.2629,0.0030595812
464.03912,0.0032187176
464.81534,0.0032262953
465.59155,0.0030501087
466.36774,0.0028852895
467.14398,0.002849294
467.92017,0.0027223642
468.6964,0.0026920524
469.4726,0.0026768968
470.24884,0.0028379273
471.02502,0.0029402291
471.80124,0.0029838022
472.57745,0.0030160083
473.35367,0.0030387419
474.12988,0.0030823152
474.9061,0.0032566069
475.6823,0.003478261
476.45853,0.0035483565
477.23474,0.0033551196
478.01096,0.003197878
478.78717,0.003112627
479.56335,0.0029042342
480.3396,0.0028455053
481.11578,0.002843611
481.89203,0.0027375203
482.6682,0.002765937
483.44446,0.0028966563
484.22064,0.0032281897
484.99686,0.0034138486
485.77307,0.0030974708
486.5493,0.0032717625
487.3255,0.0032907075
488.1017,0.003161883
488.87793,0.0030406367
489.65414,0.003086104
490.43036,0.0030652648
491.20657,0.0030065358
491.9828,0.0027432034
492.75897,0.0028038267
493.53522,0.0028132992
494.3114,0.0027905654
495.08765,0.0026427961
495.86383,0.002578384
496.64008,0.0027640427
497.41626,0.0029137067
498.19247,0.0029061288
498.9687,0.0027678318
499.7449,0.002680686
500.52112,0.0027280478
501.29733,0.0028682388
502.07355,0.0030330587
502.84976,0.0030065358
503.62598,0.0029648573
504.4022,0.0029250735
505.1784,0.0030823152
505.9546,0.0031637773
506.73083,0.003093682
507.50702,0.0029913802
508.28326,0.002934546
509.05945,0.0031012597
509.8357,0.0032433458
510.61188,0.0030160083
511.3881,0.0030311644
512.1643,0.0029894859
512.94055,0.0031239938
513.71674,0.003220612
514.4929,0.0031656723
515.26917,0.002951596
516.0454,0.00279246
516.8216,0.0026105903
517.5978,0.0029137067
518.374,0.0031239938
519.15027,0.003161883
519.92645,0.0030842095
520.70264,0.0031315712
521.4789,0.003256607
522.25507,0.0033854314
523.03125,0.0035559342
523.8075,0.003529412
524.58374,0.0032774461
525.3599,0.003213034
526.1361,0.0034555271
526.91235,0.0037074927
527.6886,0.003919674
528.4648,0.004272047
529.24097,0.005442834
530.0172,0.00685422
530.79346,0.021420857
531.56964,0.06524013
532.3458,0.045437146
533.1221,0.0075343377
533.8983,0.0036828641
534.67444,0.0048100785
535.4507,0.003582457
536.2269,0.0035369897
537.0031,0.0035388842
537.7793,0.0033702757
538.55554,0.0032338733
539.3318,0.0030633702
540.108,0.0029383348
540.88416,0.0029534905
541.6604,0.0027583595
542.43665,0.0027773043
543.2128,0.0029174953
543.989,0.0030046415
544.76526,0.0029894856
545.5415,0.0029667516
546.3177,0.0028985508
547.0939,0.0027905656
547.8701,0.002824666
548.6463,0.002875817
549.4225,0.0030160083
550.1987,0.0029174956
550.975,0.0029288623
551.75116,0.0029743297
552.52734,0.0032281897
553.3036,0.003423321
554.07983,0.0030406367
554.856,0.0030311642
555.6322,0.0028966563
556.40845,0.0029269678
557.1847,0.0030690536
557.9609,0.0032149283
558.73706,0.0031959836
559.5133,0.0030501087
560.28955,0.0031694612
561.06573,0.0029686466
561.8419,0.0028815006
562.61816,0.0027791988
563.39435,0.0029137067
564.17053,0.003129677
564.9468,0.0032300844
565.723,0.0032073508
566.4992,0.0030728427
567.2754,0.002843611
568.05164,0.0027773038
568.8279,0.0029875913
569.60406,0.003161883
570.38025,0.0031202047
571.1565,0.0030425312
571.93274,0.0029629627
572.7089,0.002883395
573.4851,0.0030065358
574.26135,0.003086104
575.03754,0.0032395564
575.8137,0.003089893
576.58997,0.0029970638
577.3662,0.0029042342
578.1424,0.002981908
578.9186,0.0028227717
579.6948,0.0028265605
580.47107,0.0028132992
581.24725,0.0027716209
582.02344,0.0028473998
582.7997,0.003042531
583.5759,0.0030046415
584.3521,0.0028568723
585.1283,0.002944018
585.90454,0.0028322442
586.6808,0.0027754095
587.457,0.0028284548
588.23315,0.0028796059
589.0094,0.0028890783
589.7856,0.0028720282
590.56177,0.0028966563
591.338,0.0028095103
592.11426,0.0028663445
592.89044,0.0029231787
593.6666,0.0031220987
594.4429,0.0033096524
595.2191,0.0034138486
595.9953,0.0034195322
596.7715,0.0032092452
597.5477,0.0027034197
598.324,0.0029212844
599.10016,0.003205456
599.87634,0.003383537
600.6526,0.0034214265
601.4288,0.0034972057
602.20496,0.003514256
602.9812,0.0035445679
603.75745,0.0032471344
604.5336,0.003423321
605.3098,0.003491522
606.08606,0.0034536328
606.8623,0.0035047836
607.6385,0.0036032964
608.4147,0.0036468692
609.1909,0.0036089795
609.96716,0.00522118
610.74335,0.009015818
611.51953,0.0048896465
612.2958,0.0037472767
613.072,0.0033513308
613.8482,0.0035123613
614.6244,0.0036355024
615.40063,0.0039651417
616.1768,0.003601402
616.953,0.0035559342
617.72925,0.0032944966
618.5055,0.0030955765
619.2817,0.003106943
620.05786,0.003339964
620.8341,0.0033930095
621.61035,0.0033172304
622.38654,0.0035445674
623.1627,0.0034858386
623.93896,0.0035995075
624.7152,0.003997348
625.4914,0.0043156203
626.2676,0.0047968174
627.0438,0.006141896
627.82,0.007856399
628.5962,0.0077332575
629.37244,0.008873734
630.1487,0.008079947
630.92487,0.006624988
631.70105,0.0041697454
632.4773,0.003855262
633.25354,0.004097755
634.0297,0.0040712324
634.8059,0.0039443024
635.58215,0.003701809
636.3584,0.0035748791
637.1346,0.003449844
637.91077,0.003336175
638.687,0.003252818
639.46326,0.0030974708
640.23944,0.0029572796
641.0156,0.0028833952
641.7919,0.0028928674
642.56805,0.0029061288
643.34424,0.0029118124
644.1205,0.0029497016
644.8967,0.0030292699
645.6729,0.003103154
646.4491,0.003144833
647.22534,0.0035047836
648.0016,0.0037851662
648.7778,0.004018187
649.55396,0.003967036
650.3302,0.0038779955
651.10645,0.004107227
651.8826,0.0043061473
652.6588,0.004501279
653.43506,0.0042587854
654.21124,0.0043080426
654.9874,0.004309937
655.7637,0.0042834138
656.5399,0.0041716397
657.3161,0.0040162927
658.0923,0.003919674
658.8685,0.003872312
659.6448,0.004211424
660.42096,0.004010609
661.19714,0.003716965
661.9734,0.0036070852
662.74963,0.0036222413
663.5258,0.0035104668
664.302,0.003358909
665.07825,0.0032907075
665.8545,0.0028985506
666.6307,0.002962963
667.40686,0.0031599887
668.1831,0.0032433458
668.9593,0.0033494364
669.7355,0.003339964
670.5117,0.0032831298
671.28796,0.0032357678
672.06415,0.0034612108
672.84033,0.0034384767
673.6166,0.0033589087
674.3928,0.0033153358
675.169,0.0032585014
675.9452,0.0032963909
676.72144,0.0034346879
677.4977,0.0035540399
678.27386,0.003061476
679.05005,0.0029421237
679.8263,0.0030084301
680.6025,0.0031694612
681.37866,0.0032111395
682.1549,0.0031183101
682.93115,0.0029288623
683.70734,0.0028132992
684.4835,0.0028473998
685.25977,0.0028815002
686.036,0.0028492946
686.8122,0.002803827
687.5884,0.0029174953
688.3646,0.0031713555
689.14087,0.0031353605
689.91705,0.0030576868
690.69324,0.002716681
691.4695,0.0028303496
692.2457,0.0030482144
693.0219,0.0029743297
693.7981,0.0029894856
694.57434,0.0030747373
695.3505,0.0032831298
696.1267,0.00330018
696.90295,0.0034252156
697.6792,0.003239557
698.4554,0.0030254805
699.23157,0.002868239
700.0078,0.0028909727
700.78406,0.002908023
701.56024,0.0028455053
702.3364,0.0028095103
703.1127,0.0024893435
703.8889,0.0026314296
704.6651,0.002756465
705.4413,0.0028796059
706.2175,0.0028815006
706.9937,0.0029781188
707.7699,0.0030747373
708.54614,0.0031183101
709.3224,0.002868239
710.0986,0.0027659375
710.87476,0.0029402294
711.651,0.0032130342
712.42725,0.0033418585
713.2034,0.0031789336
713.9796,0.003252818
714.75586,0.003408165
715.5321,0.0032244008
716.3083,0.003125888
717.0845,0.0030235862
717.8607,0.0029440185
718.63696,0.0030084306
719.41315,0.0029856965
720.18933,0.002944018
720.9656,0.0029137067
721.74176,0.0028265605
722.51794,0.002752676
723.2942,0.0026465852
724.07043,0.0027697263
724.8466,0.0029743297
725.6228,0.0031846168
726.39905,0.0031410437
727.1753,0.0030766316
727.9515,0.0028417164
728.72766,0.0028852895
729.5039,0.0029913802
730.28015,0.0029478073
731.05634,0.0029913802
731.8325,0.0030160083
732.60876,0.003180828
733.38495,0.0033172301
734.16113,0.0029459128
734.9374,0.0027621484
735.7136,0.0025651224
736.4898,0.002597329
737.266,0.0028132994
738.04224,0.0028796059
738.8185,0.0028568723
739.59467,0.0027545702
740.37085,0.002970541
741.1471,0.0028132994
741.92334,0.0027943545
742.6995,0.0030008524
743.4757,0.0032660794
744.25195,0.0034365824
745.0282,0.0033475421
745.8044,0.0032225065
746.58057,0.0033873261
747.3568,0.0031107322
748.133,0.002824666
748.9092,0.0027924601
749.6854,0.002684475
750.4617,0.0026768968
751.23785,0.0028947617
752.01404,0.0031486216
752.7903,0.0027791988
753.5665,0.0029572796
754.3427,0.003086104
755.1189,0.0031315715
755.89514,0.0029762245
756.6714,0.002849294
757.4476,0.0028341385
758.22375,0.0029042345
759,0.003093682
759.7762,0.0029553853
760.55237,0.0028663448
761.3286,0.0028417166
762.10486,0.0029137067
762.88104,0.003122099
763.6572,0.0033248083
764.4335,0.0034839443
765.2097,0.0032262953
765.9859,0.0031334658
766.7621,0.0030387419
767.5383,0.0029894856
768.3146,0.003129677
769.09076,0.0031012597
769.86694,0.003205456
770.6432,0.0031524107
771.41943,0.002947807
772.1956,0.0028455053
772.9718,0.0026806856
773.74805,0.0025196553
774.52423,0.0025575447
775.3005,0.0027034197
776.07666,0.0028739225
776.8529,0.0028151937
777.6291,0.0027318366
778.40533,0.0027716206
779.1815,0.0028625557
779.9577,0.0029307567
780.73395,0.0030235862
781.51013,0.0030444255
782.2864,0.003017903
783.06256,0.0029402294
783.8388,0.002908023
784.615,0.002824666
785.39124,0.0026920524
786.1674,0.0026750024
786.94366,0.0026939472
787.71985,0.0028341385
788.4961,0.0029553853
789.2723,0.003072843
790.0485,0.0027735152
790.8247,0.0027280478
791.60095,0.002724259
792.37714,0.0027583595
793.1533,0.0028019324
793.92957,0.0027867767
794.70575,0.0029970633
795.482,0.0030595816
796.2582,0.0031959836
797.0344,0.0033191247
797.8106,0.0035275174
798.58685,0.0034896277
799.36304,0.0032850243
800.1393,0.003010325
800.91547,0.0029288623
801.6917,0.0028966563
802.4679,0.002875817
803.24414,0.0029193899
804.0203,0.002934546
804.7966,0.0027545702
805.57275,0.0025272332
806.34894,0.0024400873
807.1252,0.0025082882
807.90137,0.0025802786
808.6776,0.002614379
809.4538,0.002621957
810.23004,0.0025632281
811.0062,0.0024628208
811.7825,0.0023889362
812.55865,0.0023927253
813.3349,0.0023984087
814.1111,0.0025215498
814.8873,0.002142654
815.6635,0.0024779767
816.43976,0.0026768968
817.21594,0.0027583595
817.9922,0.0026693188
818.7684,0.002697736
819.54456,0.0026920524
820.3208,0.0026276403
821.097,0.0028379273
821.8732,0.0026465852
822.6494,0.0025291275
823.42566,0.0023889362
824.20184,0.0023472577
824.9781,0.002273373
825.7543,0.0022942123
826.5305,0.0023643079
827.3067,0.0023851471
828.08295,0.0024931326
828.85913,0.0025954342
829.6354,0.0025689115
830.41156,0.0024249314
831.1878,0.0022354836
831.964,0.0022752676
832.7402,0.0022525338
833.5164,0.0022430615
834.2926,0.0021028703
835.06885,0.0021009755
835.84503,0.0021634933
836.6213,0.0022260111
837.39746,0.0023889362
838.1737,0.0025916453
838.9499,0.0027640427
839.72614,0.0026446907
840.5023,0.002531022
841.27856,0.002415459
842.05475,0.0023017903
842.831,0.0023699915
843.6072,0.0026011178
844.3834,0.002807616
845.1596,0.0030141138
845.9358,0.002606801
846.71204,0.0026086958
847.4882,0.0025954344
848.26447,0.0026030121
849.04065,0.002661741
849.8169,0.0027356257
850.5931,0.0028019324
851.3693,0.0029781188
852.1455,0.0025082882
852.92175,0.002523444
853.69794,0.0024344036
854.4742,0.0023984087
855.25037,0.0023302075
856.0266,0.0024211423
856.8028,0.0025916453
857.57904,0.0026806856
858.3552,0.002419248
859.1315,0.0025215496
859.90765,0.0025613336
860.68384,0.0026484795
861.4601,0.0026465852
862.23627,0.00259354
863.0125,0.0025139719
863.7887,0.0025423889
864.56494,0.0023832528
865.3411,0.0022998957
866.1174,0.0023434686
866.89355,0.0022904233
867.6698,0.0024268257
868.446,0.0025348112
869.2222,0.0026674245
869.9984,0.0027602538
870.77466,0.002807616
871.55084,0.0027280478
872.3271,0.0025954342
873.1033,0.002451454
873.87946,0.0024703988
874.6557,0.0024325093
875.4319,0.002506394
876.2081,0.002574595
876.9843,0.00217486
877.76056,0.002248745
878.53674,0.0023510468
879.313,0.0024325093
880.0892,0.002360519
880.8654,0.0022279054
881.6416,0.00215781
882.41785,0.0022165386
883.19403,0.002661741
883.9703,0.0026598463
884.74646,0.0024609265
885.5227,0.0023510468
886.2989,0.0021559156
887.0751,0.0020971869
887.8513,0.0021881217
888.6275,0.0022828456
889.40375,0.0021464431
890.17993,0.0021464431
890.9562,0.0022165386
891.73236,0.002233589
892.5086,0.0022847399
893.2848,0.0023567302
894.06104,0.0025158662
894.8372,0.0025651224
895.61346,0.0021369709
896.38965,0.0022203277
897.1659,0.0022430615
897.9421,0.0021805437
898.7183,0.0020555083
899.4945,0.0020971866
900.2707,0.00228474
901.04694,0.0024438761
901.8231,0.002110448
902.59937,0.0022184334
903.37555,0.0022032775
904.1518,0.0021388652
904.928,0.0020195132
905.7042,0.0020289856
906.4804,0.0022032775
907.25665,0.0023453634
908.03284,0.002256323
908.8091,0.0023775694
909.58527,0.0023017905
910.3615,0.00203088
911.1377,0.0019456284
911.91394,0.0021672824
912.6901,0.0023150516
913.4663,0.002352941
914.24255,0.002023302
915.01874,0.002078242
915.795,0.0020441413
916.57117,0.0020990812
917.3474,0.002078242
918.1236,0.002118026
918.89984,0.0023150516
919.676,0.0023737804
920.4523,0.00221275
921.22845,0.0021123427
922.0047,0.0020233023
922.7809,0.0020195132
923.5571,0.0020725585
924.3333,0.0021274984
925.10956,0.0021350763
925.88574,0.0020422467
926.6619,0.0018509045
927.4382,0.0019153169
928.21436,0.0019892016
928.9906,0.0020024627
929.7668,0.0020630863
930.543,0.0022298002
931.3192,0.002320735
932.09546,0.002320735
932.87164,0.0021331818
933.6479,0.0021653879
934.4241,0.0021369706
935.2003,0.0021237095
935.9765,0.0020138298
936.75275,0.002165388
937.52893,0.0024059864
938.3052,0.0025727006
939.08136,0.0020422467
939.85754,0.0021331816
940.6338,0.0022525338
941.41,0.0022146443
942.1862,0.0020119352
942.9624,0.0019551008
943.73865,0.002034669
944.51483,0.0021407595
945.2911,0.0017732311
946.06726,0.0020441413
946.8435,0.0021786492
947.6197,0.0023112625
948.39594,0.0021900162
949.1721,0.00215781
949.94836,0.002241167
950.72455,0.0023264184
951.5008,0.0021634933
952.277,0.002118026
953.05316,0.002142654
953.8294,0.0021881217
954.6056,0.002042247
955.38184,0.00195889
956.158,0.0020289856
956.93427,0.0021388652
957.71045,0.0021672824
958.4867,0.002241167
959.2629,0.002154021
960.0391,0.0022184332
960.8153,0.002118026
961.59155,0.0021369706
962.36774,0.0021634933
963.144,0.0021843326
963.92017,0.0020479301
964.6964,0.0021672824
965.4726,0.0022752676
966.2488,0.002193805
967.025,0.0022676897
967.8012,0.002368097
968.57745,0.0024306148
969.35364,0.0024647154
970.1299,0.0026503738
970.90607,0.0024685042
971.6823,0.0023491522
972.4585,0.0021710715
973.23474,0.0020100407
974.0109,0.0019456284
974.7872,0.0020990812
975.56335,0.002277162
976.3396,0.0020763476
977.1158,0.002121815
977.892,0.0021597045
978.6682,0.0021104482
979.4444,0.0020365634
980.22064,0.002049825
980.9968,0.0022866344
981.7731,0.0024741876
982.54926,0.0022752676
983.3255,0.002335891
984.1017,0.0022695842
984.8779,0.0021407597
985.6541,0.0021559156
986.43036,0.0023112625
987.20654,0.002419248
987.9828,0.0024912383
988.759,0.001936156
989.5352,0.0020611917
990.3114,0.0021634933
991.08765,0.0023321018
991.86383,0.0022942123
992.64,0.0022184334
993.41626,0.0022657951
994.19244,0.0023662027
994.9687,0.0022316945
995.7449,0.0022657951
996.5211,0.0022316945
997.2973,0.0022392727
998.07355,0.002042247
998.84973,0.002015724
999.626,0.002082031
1000.40216,0.0022449559
1001.1784,0.0019797292
1001.9546,0.0020915032
1002.73083,0.0021994885
1003.507,0.002142654
1004.28326,0.0020555083
1005.05945,0.00215781
1005.83563,0.0023832528
1006.6119,0.002451454
1007.38806,0.0020195132
1008.1643,0.0022866346
1008.9405,0.0022373782
1009.71674,0.0022676897
1010.4929,0.002237378
1011.26917,0.0021729658
1012.04535,0.0021085537
1012.8216,0.0022468504
1013.5978,0.0018736384
1014.374,0.0019418396
1015.1502,0.0020858198
1015.92645,0.0020877144
1016.70264,0.0020100407
1017.4789,0.001998674
1018.25507,0.0021237095
1019.03125,0.002193805
1019.8075,0.0020384581
1020.5837,0.0020971866
1021.3599,0.0020289856
1022.1361,0.0019948848
1022.91235,0.0020081464
1023.68854,0.0022620063
1024.4648,0.0023927253
1025.241,0.002625746
1026.0172,0.0021350763
1026.7935,0.0021407597
1027.5696,0.0022165386
1028.3458,0.0022942123
1029.1221,0.0023510468
1029.8982,0.0022828456
1030.6746,0.0022904233
1031.4507,0.0023908308
1032.2268,0.0024590318
1033.0032,0.0023226293
1033.7793,0.0023415743
1034.5555,0.0024722933
1035.3318,0.0027829874
1036.1079,0.003197878
1036.8842,0.0035028893
1037.6604,0.0036885478
1038.4365,0.0034498435
1039.2129,0.004374349
1039.989,0.005099934
1040.7653,0.0043800324
1041.5415,0.007898077
1042.3176,0.019778347
1043.0939,0.016769916
1043.8701,0.0045202235
1044.6462,0.0024912378
1045.4225,0.0025385998
1046.1987,0.0024874492
1046.9749,0.0023434686
1047.7512,0.002169177
1048.5273,0.0021748606
1049.3036,0.0022942123
1050.0798,0.002451454
1050.856,0.0021710715
1051.6322,0.0022790565
1052.4084,0.0024230368
1053.1846,0.0025613336
1053.9609,0.0025613336
1054.737,0.0023567302
1055.5133,0.0023737804
1056.2896,0.0022998957
1057.0657,0.0022790565
1057.8419,0.0022942123
1058.6182,0.002241167
1059.3943,0.00217486
1060.1705,0.0020081464
1060.9468,0.0019210003
1061.7229,0.0020365634
1062.4993,0.0022582172
1063.2754,0.002292318
1064.0516,0.0023889362
1064.8279,0.002502605
1065.604,0.0023434688
1066.3802,0.0024268257
1067.1565,0.0025044994
1067.9326,0.0026560575
1068.709,0.0026844747
1069.4851,0.0022942123
1070.2614,0.0024381927
1071.0376,0.002546178
1071.8137,0.0025196553
1072.59,0.0023321018
1073.3662,0.0023453634
1074.1423,0.002498816
1074.9186,0.0026693188
1075.6948,0.002150232
1076.471,0.0021767549
1077.2473,0.0021767549
1078.0234,0.0021597045
1078.7997,0.0020990812
1079.5759,0.0021256038
1080.352,0.0022582172
1081.1283,0.0023150516
1081.9045,0.0017239746
1082.6807,0.002066875
1083.457,0.002150232
1084.2332,0.0020990812
1085.0093,0.002114237
1085.7856,0.0021881217
1086.5618,0.0022657951
1087.338,0.002479871
1088.1143,0.0022222223
1088.8904,0.002296107
1089.6666,0.002360519
1090.4429,0.0023169462
1091.219,0.002313157
1091.9954,0.002256323
1092.7715,0.0023036848
1093.5477,0.0023112625
1094.324,0.0023055791
1095.1001,0.002328313
1095.8763,0.002241167
1096.6526,0.0020536138
1097.4287,0.0019759403
1098.205,0.002066875
1098.9812,0.002190016
1099.7573,0.002244956
1100.5337,0.002015724
1101.3098,0.0019532063
1102.086,0.002015724
1102.8623,0.0020214075
1103.6384,0.0020574026
1104.4147,0.0020706642
1105.1909,0.0021388654
1105.967,0.0021956996
1106.7434,0.0020365634
1107.5195,0.0021483377
1108.2958,0.002208961
1109.072,0.0022620063
1109.8481,0.0022620063
1110.6244,0.0023377854
1111.4006,0.0025158662
1112.1768,0.0026863692
1112.953,0.0021464431
1113.7292,0.0021350763
1114.5054,0.0020517192
1115.2817,0.0020043573
1116.0579,0.0019892016
1116.8341,0.002066875
1117.6104,0.0023377852
1118.3865,0.0024590318
1119.1627,0.0021729658
1119.939,0.0023112625
1120.7151,0.002273373
1121.4915,0.0022146443
1122.2676,0.0022354836
1123.0438,0.0023548359
1123.8201,0.002487449
1124.5962,0.0024609263
1125.3724,0.0023794638
1126.1487,0.0023055791
1126.9248,0.0023491522
1127.701,0.002404092
1128.4773,0.002419248
1129.2534,0.0024722933
1130.0298,0.0025423889
1130.8059,0.0025329164
1131.5822,0.002237378
1132.3584,0.0021483377
1133.1345,0.0020801364
1133.9108,0.0022866344
1134.687,0.0024836601
1135.4631,0.0025727006
1136.2395,0.0025215496
1137.0156,0.0024287202
1137.7917,0.0022070662
1138.5681,0.002256323
1139.3442,0.0023567302
1140.1205,0.002451454
1140.8967,0.002527233
1141.6729,0.0025082885
1142.4491,0.0024249314
1143.2253,0.002447665
1144.0015,0.0023017905
1144.7778,0.002404092
1145.554,0.00241167
1146.3302,0.0024230368
1147.1064,0.0025139719
1147.8826,0.0028985508
1148.6588,0.0032926023
1149.435,0.0035805628
1150.2112,0.003093682
1150.9874,0.002970541
1151.7637,0.002752676
1152.5398,0.002527233
1153.3162,0.0024571375
1154.0923,0.0024798713
1154.8685,0.002614379
1155.6448,0.0026712136
1156.4209,0.0025404945
1157.1971,0.0024211423
1157.9734,0.0023188407
1158.7495,0.0022620063
1159.5259,0.0022241168
1160.302,0.0023131573
1161.0782,0.0024874492
1161.8545,0.0026712131
1162.6306,0.0022866344
1163.4069,0.0023586245
1164.1831,0.0024609265
1164.9592,0.0024059864
1165.7355,0.0024003033
1166.5117,0.0024078812
1167.2878,0.0025727006
1168.0642,0.0027469925
1168.8403,0.002479871
1169.6166,0.002368097
1170.3928,0.002190016
1171.169,0.00203088
1171.9452,0.0019380506
1172.7214,0.0020915032
1173.4976,0.002201383
1174.2739,0.0023851471
1175.05,0.0020195132
1175.8263,0.0020195132
1176.6025,0.002055508
1177.3787,0.0020327745
1178.1549,0.0021862274
1178.9312,0.0023813585
1179.7073,0.0024969215
1180.4835,0.0025973287
1181.2598,0.0025007103
1182.0359,0.0023984087
1182.8123,0.002154021
1183.5884,0.0019702567
1184.3646,0.0019285781
1185.1409,0.0020592974
1185.917,0.0022980014
1186.6932,0.002479871
1187.4695,0.002277162
1188.2456,0.0023396797
1189.022,0.0022866346
1189.7981,0.0022620063
1190.5742,0.0022222223
1191.3506,0.0021805437
1192.1267,0.002241167
1192.903,0.002273373
1193.6792,0.0021824383
1194.4553,0.002110448
1195.2316,0.0021085537
1196.0078,0.0021407597
1196.7839,0.0022298002
1197.5603,0.0022146443
1198.3364,0.0022222223
1199.1127,0.0023188405
1199.8889,0.0019323671
1200.665,0.0020555083
1201.4413,0.002078242
1202.2175,0.002078242
1202.9937,0.0020251966
1203.7699,0.0019645733
1204.5461,0.0020877144
1205.3223,0.0021767549
1206.0986,0.0022260111
1206.8748,0.0021369706
1207.651,0.0020119352
1208.4272,0.0019816235
1209.2034,0.0020138298
1209.9796,0.0020990812
1210.7559,0.002161599
1211.532,0.0022752676
1212.3083,0.0020479301
1213.0845,0.0020119352
1213.8607,0.0019702567
1214.637,0.001991096
1215.4131,0.0019456284
1216.1893,0.0018925831
1216.9656,0.0018850053
1217.7417,0.0018925831
1218.518,0.0017486028
1219.2942,0.0019285781
1220.0703,0.0019247892
1220.8467,0.001911528
1221.6228,0.0018850053
1222.399,0.0018736385
1223.1753,0.0020403524
1223.9514,0.0021843326
1224.7277,0.0018376432
1225.5039,0.0018205928
1226.28,0.0017978592
1227.0564,0.001809226
1227.8325,0.0017656531
1228.6088,0.0018016482
1229.385,0.001936156
1230.1611,0.002063086
1230.9374,0.0017372359
1231.7136,0.0018565882
1232.4897,0.0018224875
1233.266,0.0016974519
1234.0422,0.001610306
1234.8184,0.0017069243
1235.5947,0.0018149096
1236.3708,0.001907739
1237.1471,0.0016841906
1237.9233,0.0017353416
1238.6995,0.0017637586
1239.4757,0.0016747182
1240.252,0.0016671404
1241.0281,0.0016633513
1241.8044,0.001733447
1242.5806,0.0017163968
1243.3567,0.0017789145
1244.133,0.001820593
1244.9092,0.001741025
1245.6854,0.0016709293
1246.4617,0.0015496826
1247.2378,0.0015080041
1248.014,0.0015098987
1248.7903,0.0015004263
1249.5664,0.0016444066
1250.3428,0.0017182912
1251.1189,0.0016974519
1251.8951,0.0016046226
1252.6714,0.0015648385
1253.4475,0.0015762054
1254.2238,0.0016917685
